<ShadowProfile Condition="Data.HasCompletedQuest('A Threat Within') == true">
	<SetBaseSettings />
<!-- Pickup other quests for later -->
    <If Condition="Data.HasActiveQuest('Investigate Echo Ridge') == false and Data.HasCompletedQuest('Investigate Echo Ridge') == false">
        <TakeQuest NpcName="Marshal McBride" QuestId="15" QuestName="Investigate Echo Ridge" />
    </If>
 <!-- End -->
<!-- Human Rogue -->
    <If Condition="Data.HasActiveQuest('Encrypted Letter', 3102) == false and Data.HasCompletedQuest('Encrypted Letter', 3102) == false and Data.PlayerClass() == WoWClass.Rogue and Data.MyRace() == WoWRace.Human">
        <TakeQuest NpcName="Marshal McBride" QuestId="3102" QuestName="Encrypted Letter" />
    </If>
    <If Condition="Data.HasActiveQuest('Encrypted Letter', 3102) == true and Data.PlayerClass() == WoWClass.Rogue and Data.MyRace() == WoWRace.Human"> 
		<ReturnQuest NpcName="Jorik Kerridan" QuestId="3102" QuestName="Encrypted Letter" />
	</If>
<!-- Human Mage -->	
	<If Condition="Data.HasActiveQuest('Glyphic Letter') == false and Data.HasCompletedQuest('Glyphic Letter') == false and Data.PlayerClass() == WoWClass.Mage and Data.MyRace() == WoWRace.Human">
        <TakeQuest NpcName="Marshal McBride" QuestId="3104" QuestName="Glyphic Letter" />
    </If>
    <If Condition="Data.HasActiveQuest('Glyphic Letter') == true and Data.PlayerClass() == WoWClass.Mage and Data.MyRace() == WoWRace.Human"> 
		<ReturnQuest NpcName="Khelden Bremen" QuestName="Glyphic Letter" />
	</If>		
<!-- Human Warrior -->
	<If Condition="Data.HasActiveQuest('Simple Letter') == false and Data.HasCompletedQuest('Simple Letter') == false and Data.PlayerClass() == WoWClass.Warrior and Data.MyRace() == WoWRace.Human">
        <TakeQuest NpcName="Marshal McBride" QuestId="3100" QuestName="Simple Letter" />
    </If>
    <If Condition="Data.HasActiveQuest('Simple Letter') == true and Data.PlayerClass() == WoWClass.Warrior and Data.MyRace() == WoWRace.Human"> 
		<ReturnQuest NpcName="Llane Beshere" QuestName="Simple Letter" />
	</If>	
<!-- Human Warlock -->
	<If Condition="Data.HasActiveQuest('Tainted Letter') == false and Data.HasCompletedQuest('Tainted Letter') == false and Data.PlayerClass() == WoWClass.Warlock and Data.MyRace() == WoWRace.Human">
        <TakeQuest NpcName="Marshal McBride" QuestId="3105" QuestName="Tainted Letter" />
    </If>
    <If Condition="Data.HasActiveQuest('Tainted Letter') == true and Data.PlayerClass() == WoWClass.Warlock and Data.MyRace() == WoWRace.Human"> 
		<ReturnQuest NpcName="Drusilla La Salle" QuestName="Tainted Letter" />
	</If>		
	<If Condition="Data.HasActiveQuest('The Stolen Tome') == false and Data.HasCompletedQuest('Tainted Letter') == true and Data.HasCompletedQuest('The Stolen Tome') == false and Data.PlayerClass() == WoWClass.Warlock and Data.MyRace() == WoWRace.Human">
        <TakeQuest NpcName="Drusilla La Salle" QuestName="The Stolen Tome" />
    </If>
<!-- Human Priest -->	
	<If Condition="Data.HasActiveQuest('Hallowed Letter') == false and Data.HasCompletedQuest('Hallowed Letter') == false and Data.PlayerClass() == WoWClass.Priest and Data.MyRace() == WoWRace.Human">
        <TakeQuest NpcName="Marshal McBride" QuestId="3103" QuestName="Hallowed Letter" />
    </If>
    <If Condition="Data.HasActiveQuest('Hallowed Letter') == true and Data.PlayerClass() == WoWClass.Paladin and Data.MyRace() == WoWRace.Human"> 
		<ReturnQuest NpcName="Priestess Anetta" QuestName="Hallowed Letter" />
	</If>	
<!-- Human Paladin -->
	<If Condition="Data.HasActiveQuest('Consecrated Letter') == false and Data.HasCompletedQuest('Consecrated Letter') == false and Data.PlayerClass() == WoWClass.Priest and Data.MyRace() == WoWRace.Human">
        <TakeQuest NpcName="Marshal McBride" QuestId="3101" QuestName="Consecrated Letter" />
    </If>
    <If Condition="Data.HasActiveQuest('Consecrated Letter') == true and Data.PlayerClass() == WoWClass.Paladin and Data.MyRace() == WoWRace.Human"> 
		<ReturnQuest NpcName="Brother Sammuel" QuestName="Consecrated Letter" />
	</If>		
</ShadowProfile>