<ShadowProfile Condition="Data.HasCompletedQuest('Report to Goldshire') == false or Data.HasCompletedQuest('Rest and Relaxation') == false">
	<!-- Vendor Settings -->
	<SetBaseSettings />	
    <SetEnableVendoring Value="true"/>
    <SetVendorNpc NpcName="Andrew Krighton"/>
    <SetVendorSlotsCount Value="1" />
    <SetEnableRepairing Value="true"/>
    <SetRepairNpc NpcName="Andrew Krighton"/>
    <SetRepairPercent Value="35" />
	
	<!-- TakeQuest -->
    <If Condition="Data.HasActiveQuest('Report to Goldshire') == false and Data.HasCompletedQuest('Report to Goldshire') == false and Data.HasCompletedQuest('Skirmish at Echo Ridge') == true">
        <TakeQuest NpcName="Marshal McBride" QuestId="54" QuestName="Report to Goldshire" />
    </If>			
	<TakeQuest NpcName="Falkhaan Isenstrider" QuestId="2158" QuestName="Rest and Relaxation" />

    <If Condition="Data.HasActiveQuest('Report to Goldshire') == true">
        <ReturnQuest NpcName="Marshal Dughan" QuestId="54" QuestName="Report to Goldshire" />
    </If>
    <If Condition="Data.HasActiveQuest('Rest and Relaxation') == true">
        <ReturnQuest NpcName="Innkeeper Farley" QuestId="2158" QuestName="Rest and Relaxation" />
    </If>	
	
	
</ShadowProfile>