<ShadowProfile Condition="Data.HasCompletedQuest('The Trogg Threat') == false or Data.HasCompletedQuest('In Defense of the King\'s Lands', 224) == false">

   <!-- Pickup -->
    <If Condition="Data.HasActiveQuest('In Defense of the King\'s Lands', 224) == false and Data.HasCompletedQuest('In Defense of the King\'s Lands', 224) == false">
        <TakeQuest NpcName="Mountaineer Cobbleflint" QuestId="224" QuestName="In Defense of the King\'s Lands" />
    </If>   
    <If Condition="Data.HasActiveQuest('The Trogg Threat') == false and Data.HasCompletedQuest('The Trogg Threat', 267) == false">
        <TakeQuest NpcName="Captain Rugelfuss" QuestId="267" QuestName="The Trogg Threat" />
    </If>
	<!-- Settings -->
	<SetBaseSettings />
    <SetEnableVendoring Value="true"/>
    <SetVendorNpc NpcName="Morhan Coppertongue"/>
    <SetVendorSlotsCount Value="2" />
    <SetEnableRepairing Value="true"/>
    <SetRepairNpc NpcName="Morhan Coppertongue"/>
    <SetRepairPercent Value="35" />
	
	<!-- Quest Completion -->
    <If Condition="Data.HasActiveQuest('The Trogg Threat', 267) == true">
		<ClearHotspots />
		<!-- Blackspots -->
		<AddBlackspot X="-5949.1528320313" Y="-2888.7458496094" Z="370.46307373047" Range="30" />
		<AddBlackspot X="-5876.529296875" Y="-2860.7102050781" Z="366.25283813477" Range="35" />
		<AddBlackspot X="-5782.1489257813" Y="-2930.2885742188" Z="365.35638427734" Range="35" />
		<AddBlackspot X="-5894.4038085938" Y="-2952.5314941406" Z="367.37023925781" Range="25" />
		<AddBlackspot X="-5382.6181640625" Y="-2718.2512207031" Z="363.01052856445" Range="17" />
		<AddBlackspot X="-5538.6591796875" Y="-2727.3168945313" Z="367.31353759766" Range="20" />
		<AddBlackspot X="-5974.5439453125" Y="-2976.6650390625" Z="387.67919921875" Range="20" />
		<AddBlackspot X="-5979.3676757813" Y="-2811.3137207031" Z="381.00186157227" Range="20" />
		<!-- Hotspots -->
		<AddHotspot X="-5352.3403320313" Y="-2756.5595703125" Z="361.90432739258" Range="30" />
		<AddHotspot X="-5520.931640625" Y="-2763.5551757813" Z="365.21234130859" Range="50" />
		<AddHotspot X="-5807.9609375" Y="-2865.6687011719" Z="368.18069458008" Range="20" />
		<AddHotspot X="-5833.8295898438" Y="-2892.2202148438" Z="364.75955200195" Range="20" />
		<AddHotspot X="-5869.0170898438" Y="-2914.9401855469" Z="365.74060058594" Range="20" />
		<AddHotspot X="-5908.4184570313" Y="-2908.138671875" Z="366.79959106445" Range="20" />
		
		<AddHotspot X="-5800.125" Y="-2968.7248535156" Z="371.83422851563" Range="15" />
		<!-- Mob settings -->
		<SetTargetingMode Mode="Around Points" />
		<ClearMonsterFilter/>
		<SetMonsterFilterMode Mode="Whitelist" />
		<AddMonsterFilterName Value="Stonesplinter Trogg" />
		<AddMonsterFilterName Value="Stonesplinter Scout" />
		<While Condition="Data.AllQuestObjectivesAreComplete('The Trogg Threat', 267) == false" >
			<Wait Value="100" />
		</While>	
    </If>
    <If Condition="Data.HasActiveQuest('In Defense of the King\'s Lands', 224) == true">	
		<ClearHotspots />
		<!-- Blackspots -->
		<AddBlackspot X="-5949.1528320313" Y="-2888.7458496094" Z="370.46307373047" Range="30" />
		<AddBlackspot X="-5876.529296875" Y="-2860.7102050781" Z="366.25283813477" Range="35" />
		<AddBlackspot X="-5782.1489257813" Y="-2930.2885742188" Z="365.35638427734" Range="35" />
		<AddBlackspot X="-5894.4038085938" Y="-2952.5314941406" Z="367.37023925781" Range="25" />
		<AddBlackspot X="-5382.6181640625" Y="-2718.2512207031" Z="363.01052856445" Range="17" />
		<AddBlackspot X="-5538.6591796875" Y="-2727.3168945313" Z="367.31353759766" Range="20" />
		<AddBlackspot X="-5974.5439453125" Y="-2976.6650390625" Z="387.67919921875" Range="20" />
		<AddBlackspot X="-5979.3676757813" Y="-2811.3137207031" Z="381.00186157227" Range="20" />		
		<!-- Hotspots -->
		<AddHotspot X="-5352.3403320313" Y="-2756.5595703125" Z="361.90432739258" Range="30" />
		<AddHotspot X="-5520.931640625" Y="-2763.5551757813" Z="365.21234130859" Range="50" />
		<AddHotspot X="-5807.9609375" Y="-2865.6687011719" Z="368.18069458008" Range="20" />
		<AddHotspot X="-5833.8295898438" Y="-2892.2202148438" Z="364.75955200195" Range="20" />
		<AddHotspot X="-5869.0170898438" Y="-2914.9401855469" Z="365.74060058594" Range="20" />
		<AddHotspot X="-5908.4184570313" Y="-2908.138671875" Z="366.79959106445" Range="20" />
		<AddHotspot X="-5800.125" Y="-2968.7248535156" Z="371.83422851563" Range="15" />
		<!-- Mob settings -->
		<SetTargetingMode Mode="Around Points" />
		<ClearMonsterFilter/>
		<SetMonsterFilterMode Mode="Whitelist" />
		<AddMonsterFilterName Value="Stonesplinter Trogg" />
		<AddMonsterFilterName Value="Stonesplinter Scout" />	
		<While Condition="Data.AllQuestObjectivesAreComplete('In Defense of the King\'s Lands', 224) == false" >
			<Wait Value="100" />
		</While>	
	</If>	
 
	<!-- TurnIn -->
    <If Condition="Data.HasActiveQuest('In Defense of the King\'s Lands', 224) == true">
        <ReturnQuest NpcName="Mountaineer Cobbleflint" QuestId="224" QuestName="In Defense of the King\'s Lands" />
    </If>
    <If Condition="Data.HasActiveQuest('In Defense of the King\'s Lands', 224) == false and Data.HasCompletedQuest('In Defense of the King\'s Lands', 224) == true and Data.HasCompletedQuest('In Defense of the King\'s Lands', 237) == false">
        <TakeQuest NpcName="Mountaineer Gravelgaw" QuestId="237" QuestName="In Defense of the King\'s Lands" />
    </If>  	
    <If Condition="Data.HasActiveQuest('The Trogg Threat', 267) == true">
        <ReturnQuest NpcName="Captain Rugelfuss" QuestId="267" QuestName="The Trogg Threat" />
    </If>

</ShadowProfile>