<ShadowProfile Condition="Data.HasCompletedQuest('The Escape') == false">
	<!-- Vendor Settings -->
	<SetBaseSettings />	
    <SetEnableVendoring Value="true"/>
    <SetVendorNpc NpcName="Andrew Krighton"/>
    <SetVendorSlotsCount Value="1" />
    <SetEnableRepairing Value="true"/>
    <SetRepairNpc NpcName="Andrew Krighton"/>
    <SetRepairPercent Value="35" />
	
	<!-- Pickup -->
	<If Condition="Data.HasActiveQuest('Young Lovers') == false and Data.HasCompletedQuest('Young Lovers') == false">
		<TakeQuest NpcName="Maybell Maclure" QuestId="106" QuestName="Young Lovers" />
	</If>	
	<If Condition="Data.HasActiveQuest('Young Lovers') == true">
		<ReturnQuest NpcName="Tommy Joe Stonefield" QuestId="106" QuestName="Young Lovers" />
	</If>	
	<If Condition="Data.HasActiveQuest('Speak with Gramma') == false and Data.HasCompletedQuest('Speak with Gramma') == false and Data.HasCompletedQuest('Young Lovers') == true">
		<TakeQuest NpcName="Tommy Joe Stonefield" QuestId="111" QuestName="Speak with Gramma" />
	</If>
	<If Condition="Data.HasActiveQuest('Speak with Gramma') == true">
		<ReturnQuest NpcName="Gramma Stonefield" QuestId="111" QuestName="Speak with Gramma" />
	</If>	
	<If Condition="Data.HasActiveQuest('Note to William') == false and Data.HasCompletedQuest('Note to William') == false and Data.HasCompletedQuest('Speak with Gramma') == true">
		<TakeQuest NpcName="Gramma Stonefield" QuestId="107" QuestName="Note to William" />
	</If>	
	<If Condition="Data.HasActiveQuest('Note to William') == true">
		<ReturnQuest NpcName="William Pestle" QuestId="107" QuestName="Note to William" />
	</If>	
	<If Condition="Data.HasActiveQuest('Collecting Kelp') == false and Data.HasCompletedQuest('Collecting Kelp') == false and Data.HasCompletedQuest('Note to William') == true">
		<TakeQuest NpcName="William Pestle" QuestId="112" QuestName="Collecting Kelp" />
	</If>

	<!-- Quset Completion -->
	<If Condition="Data.HasActiveQuest('Collecting Kelp') == true">
		<ClearHotspots />
		<!-- Blackspots -->
		<AddBlackspot X="-9468.9755859375" Y="-357.41949462891" Z="60.144378662109" Range="35" />
		<AddBlackspot X="-9489.6337890625" Y="-402.89010620117" Z="59.606990814209" Range="20" />
		<AddBlackspot X="-9478.0234375" Y="-427.57690429688" Z="59.104644775391" Range="20" />
		<!-- Hotspots -->
		<AddHotspot X="-9555.7421875" Y="-272.41171264648" Z="61.717155456543" Range="35" />
		<AddHotspot X="-9556.24609375" Y="-318.19842529297" Z="61.852882385254" Range="35" />
		<AddHotspot X="-9548.1298828125" Y="-400.86553955078" Z="63.292945861816" Range="35" />
		<AddHotspot X="-9500.15234375" Y="-494.91622924805" Z="62.629516601563" Range="35" />
		<AddHotspot X="-9436.482421875" Y="-483.87628173828" Z="63.415237426758" Range="35" />
		<AddHotspot X="-9391.5458984375" Y="-446.88674926758" Z="61.644023895264" Range="35" />
		<AddHotspot X="-9372.5556640625" Y="-326.73782348633" Z="63.981426239014" Range="35" />
		<AddHotspot X="-9412.0927734375" Y="-309.01724243164" Z="60.642024993896" Range="20" />
		<AddHotspot X="-9436.1611328125" Y="-254.06312561035" Z="61.388935089111" Range="35" />
		<!-- Monster Filter -->
		<ClearMonsterFilter/>
		<SetMonsterFilterMode Mode="Whitelist" />
		<AddMonsterFilterName Value="Murloc Streamrunner" />
		<AddMonsterFilterName Value="Murloc" />		
		<While Condition="Data.AllQuestObjectivesAreComplete('Collecting Kelp') == false" >
			<Wait Value="100" />
		</While>	
	</If>

	
	<!-- ReturnQuest -->
	<If Condition="Data.HasActiveQuest('Collecting Kelp') == true and Data.AllQuestObjectivesAreComplete('Collecting Kelp') == true">
		<ReturnQuest NpcName="William Pestle" QuestId="112" QuestName="Collecting Kelp" />
	</If>	
	<If Condition="Data.HasActiveQuest('The Escape') == false and Data.HasCompletedQuest('The Escape') == false and Data.HasCompletedQuest('Collecting Kelp') == true">
		<TakeQuest NpcName="William Pestle" QuestId="114" QuestName="The Escape" />
	</If>	
	<If Condition="Data.HasActiveQuest('The Escape') == true and Data.AllQuestObjectivesAreComplete('The Escape') == true">
		<AddBlackspot X="-9664.11328125" Y="-10.671873092651" Z="45.46293258667" Range="50" />
		<ReturnQuest NpcName="Maybell Maclure" QuestId="114" QuestName="The Escape" />
	</If>		
</ShadowProfile>