<ShadowProfile Condition="Data.HasCompletedQuest('A New Threat') == false">
    <If Condition="Data.HasActiveQuest('A New Threat') == false">
        <TakeQuest NpcName="Balir Frosthammer" QuestName="A New Threat" />
    </If>
	<!-- Restock Dun Morogh 1-5 -->	<SetEnableRestockItems Value="true"/>	<ClearRestockItems/>	<!-- Food -->	<!-- Water -->	<!-- Bullets/Arrows -->	<If Condition="IsEquippedItemType('Gun') == true and Data.PlayerClass() == WoWClass.Hunter">		<AddRestockItem ItemName="Light Shot" NpcName="Adlin Pridedrift" UnderAmount="100" BuyAmount="1200"/>	</If>	<If Condition="IsEquippedItemType('Bow') == true and Data.PlayerClass() == WoWClass.Hunter">		<AddRestockItem ItemName="Rough Arrow" NpcName="Adlin Pridedrift" UnderAmount="100" BuyAmount="1200"/>	</If>	<If Condition="IsEquippedItemType('Crossbow') == true and Data.PlayerClass() == WoWClass.Hunter">		<AddRestockItem ItemName="Rough Arrow" NpcName="Adlin Pridedrift" UnderAmount="100" BuyAmount="1200"/>	</If>	<!-- End Restock -->
    <SetEnableVendoring Value="true"/>
    <SetVendorNpc NpcName="Adlin Pridedrift"/>
    <SetVendorSlotsCount Value="2" />
    <SetEnableRepairing Value="true"/>
    <SetRepairNpc NpcName="Rybrad Coldbank"/>
    <SetRepairPercent Value="35" />

	<AddHotspot X="-6370.0541992188" Y="287.82659912109" Z="384.73440551758" Range="150" />
    <SetTargetingMode Mode="Around Points" />
    <ClearMonsterFilter/>
    <SetMonsterFilterMode Mode="Whitelist" />
    <AddMonsterFilterName Value="Rockjaw Trogg"/>
	<AddMonsterFilterName Value="Burly Rockjaw Trogg"/>
    <While Condition="Data.QuestObjectiveIsComplete('A New Threat', 1) == false" >
        <Wait Value="100" />
    </While>
    <ClearMonsterFilter/> 
	<AddMonsterFilterName Value="Burly Rockjaw Trogg"/>	
    <While Condition="Data.QuestObjectiveIsComplete('A New Threat', 2) == false" >
        <Wait Value="100" />
    </While>	
    <ReturnQuest NpcName="Balir Frosthammer" QuestName="A New Threat" />
</ShadowProfile>