<ShadowProfile Condition="Data.HasCompletedQuest('Coldridge Valley Mail Delivery', 234) == false">
	<SetBaseSettings />	<!-- Restock Dun Morogh 1-5 -->	<SetEnableRestockItems Value="true"/>	<ClearRestockItems/>	<!-- Food -->	<!-- Water -->	<!-- Bullets/Arrows -->	<If Condition="IsEquippedItemType('Gun') == true and Data.PlayerClass() == WoWClass.Hunter">		<AddRestockItem ItemName="Light Shot" NpcName="Adlin Pridedrift" UnderAmount="100" BuyAmount="1200"/>	</If>	<If Condition="IsEquippedItemType('Bow') == true and Data.PlayerClass() == WoWClass.Hunter">		<AddRestockItem ItemName="Rough Arrow" NpcName="Adlin Pridedrift" UnderAmount="100" BuyAmount="1200"/>	</If>	<If Condition="IsEquippedItemType('Crossbow') == true and Data.PlayerClass() == WoWClass.Hunter">		<AddRestockItem ItemName="Rough Arrow" NpcName="Adlin Pridedrift" UnderAmount="100" BuyAmount="1200"/>	</If>	<!-- End Restock -->
    <If Condition="Data.HasActiveQuest('Coldridge Valley Mail Delivery', 234) == false">
        <TakeQuest NpcName="Talin Keeneye" QuestName="Coldridge Valley Mail Delivery" QuestId="234" />
    </If>
   
    <ReturnQuest NpcName="Grelin Whitebeard" QuestName="Coldridge Valley Mail Delivery" QuestId="234" />
</ShadowProfile>