<ShadowProfile Condition="Data.HasCompletedQuest('Scalding Mornbrew Delivery') == false">
	<SetBaseSettings />	<!-- Restock Dun Morogh 1-5 -->	<SetEnableRestockItems Value="true"/>	<ClearRestockItems/>	<!-- Food -->	<!-- Water -->	<!-- Bullets/Arrows -->	<If Condition="IsEquippedItemType('Gun') == true and Data.PlayerClass() == WoWClass.Hunter">		<AddRestockItem ItemName="Light Shot" NpcName="Adlin Pridedrift" UnderAmount="100" BuyAmount="1200"/>	</If>	<If Condition="IsEquippedItemType('Bow') == true and Data.PlayerClass() == WoWClass.Hunter">		<AddRestockItem ItemName="Rough Arrow" NpcName="Adlin Pridedrift" UnderAmount="100" BuyAmount="1200"/>	</If>	<If Condition="IsEquippedItemType('Crossbow') == true and Data.PlayerClass() == WoWClass.Hunter">		<AddRestockItem ItemName="Rough Arrow" NpcName="Adlin Pridedrift" UnderAmount="100" BuyAmount="1200"/>	</If>	<!-- End Restock -->
    <If Condition="Data.HasActiveQuest('Scalding Mornbrew Delivery') == false">
        <TakeQuest NpcName="Nori Pridedrift" QuestName="Scalding Mornbrew Delivery" />
    </If>
    
    <ReturnQuest NpcName="Durnan Furcutter" QuestName="Scalding Mornbrew Delivery" />
</ShadowProfile>