<ShadowProfile Condition="Data.HasCompletedQuest('A Refugee\'s Quandary') == false">
<Lua>HerbNodes[148499] = 0</Lua>
    <SetBaseSettings />
    <If Condition="Data.HasActiveQuest('A Refugee\'s Quandary') == false">
        <TakeQuest NpcName="Felix Whindlebolt" QuestName="A Refugee\'s Quandary" />
    </If>
    <SetBaseSettings />
	<!-- Restock Dun Morogh 1-5 -->	<SetEnableRestockItems Value="true"/>	<ClearRestockItems/>	<!-- Food -->	<!-- Water -->	<!-- Bullets/Arrows -->	<If Condition="IsEquippedItemType('Gun') == true and Data.PlayerClass() == WoWClass.Hunter">		<AddRestockItem ItemName="Light Shot" NpcName="Adlin Pridedrift" UnderAmount="100" BuyAmount="1200"/>	</If>	<If Condition="IsEquippedItemType('Bow') == true and Data.PlayerClass() == WoWClass.Hunter">		<AddRestockItem ItemName="Rough Arrow" NpcName="Adlin Pridedrift" UnderAmount="100" BuyAmount="1200"/>	</If>	<If Condition="IsEquippedItemType('Crossbow') == true and Data.PlayerClass() == WoWClass.Hunter">		<AddRestockItem ItemName="Rough Arrow" NpcName="Adlin Pridedrift" UnderAmount="100" BuyAmount="1200"/>	</If>	<!-- End Restock -->
    <If Condition="Data.HasActiveQuest('A Refugee\'s Quandary') == true">
    <SetEnableVendoring Value="true"/>
    <SetVendorNpc NpcName="Adlin Pridedrift"/>
    <SetVendorSlotsCount Value="2" />
    <SetEnableRepairing Value="true"/>
    <SetRepairNpc NpcName="Rybrad Coldbank"/>
    <SetRepairPercent Value="35" />
    <SetTargetingMode Mode="Gather Only" />
    <ClearHotspots />
    <SetEnableAutoHerb Value="true" />
	<AddHotspot X="-6374.056640625" Y="773.17364501953" Z="386.21313476563" Range="20" />
    <AllowQuestNode NodeName="Felix\'s Box" />	
    <While Condition="Data.QuestObjectiveIsComplete('A Refugee\'s Quandary', 1) == false" >
        <Wait Value="100" />
    </While>
 
    <ClearHotspots />	
    <SetTargetingMode Mode="Gather Only" />
    <SetEnableAutoHerb Value="true" />
	<AddBlackspot X="-6511.28515625" Y="686.92022705078" Z="387.27383422852" Range="5" />
	<AddHotspot X="-6497.4931640625" Y="680.60815429688" Z="387.13925170898" Range="10" />
    <AllowQuestNode NodeName="Felix\'s Chest" />
    <While Condition="Data.QuestObjectiveIsComplete('A Refugee\'s Quandary', 2) == false" >
        <Wait Value="100" />
    </While>

    <SetTargetingMode Mode="Gather Only" />
    <ClearHotspots />	
    <SetEnableAutoHerb Value="true" />
	<AddHotspot X="-6477.9897460938" Y="507.86172485352" Z="385.86993408203" Range="20" />
    <AllowQuestNode NodeName="Felix\'s Bucket of Bolts" />
    <While Condition="Data.QuestObjectiveIsComplete('A Refugee\'s Quandary', 3) == false" >
        <Wait Value="100" />
    </While>
	</If>

    <If Condition="Data.HasActiveQuest('A Refugee\'s Quandary') == true">
        <ReturnQuest NpcName="Felix Whindlebolt" QuestName="A Refugee\'s Quandary" />
    </If>	

</ShadowProfile>