<ShadowProfile Condition="Data.HasCompletedQuest('Tools for Steelgrill') == false">
	<SetBaseSettings />	<!-- Restock Dun Morogh 5-12 (Kharanos)-->	<SetEnableRestockItems Value="true"/>	<ClearRestockItems/>	<!-- Food -->	<If Condition="Data.PlayerClass() == WoWClass.Rogue or Data.PlayerClass() == WoWClass.Warrior or Data.PlayerClass() == WoWClass.Hunter or Data.PlayerClass() == WoWClass.Warlock">		<AddRestockItem ItemName="Tough Hunk of Bread" NpcName="Innkeeper Belm" UnderAmount="5" BuyAmount="40"/>		<AddDoNotSellItem ItemName="Tough Hunk of Bread" />	</If>	<!-- Water -->	<If Condition="Data.PlayerClass() == WoWClass.Druid or Data.PlayerClass() == WoWClass.Hunter or Data.PlayerClass() == WoWClass.Warlock or Data.PlayerClass() == WoWClass.Paladin">		<AddRestockItem ItemName="Refreshing Spring Water" NpcName="Innkeeper Belm" UnderAmount="5" BuyAmount="40"/>		<AddDoNotSellItem ItemName="Refreshing Spring Water" />	</If>	<If Condition="Data.PlayerClass() == WoWClass.Priest">		<AddRestockItem ItemName="Refreshing Spring Water" NpcName="Innkeeper Belm" UnderAmount="3" BuyAmount="20"/>		<AddDoNotSellItem ItemName="Refreshing Spring Water" />	</If>	<!-- Bullets/Arrows -->	<If Condition="IsEquippedItemType('Gun') == true and Data.PlayerClass() == WoWClass.Hunter">		<AddRestockItem ItemName="Light Shot" NpcName="Kreg Bilmn" UnderAmount="100" BuyAmount="1200"/>	</If>	<If Condition="IsEquippedItemType('Bow') == true and Data.PlayerClass() == WoWClass.Hunter">		<AddRestockItem ItemName="Rough Arrow" NpcName="Kreg Bilmn" UnderAmount="100" BuyAmount="1200"/>	</If>	<If Condition="IsEquippedItemType('Crossbow') == true and Data.PlayerClass() == WoWClass.Hunter">		<AddRestockItem ItemName="Rough Arrow" NpcName="Kreg Bilmn" UnderAmount="100" BuyAmount="1200"/>	</If>	<!-- End Restock -->
    <If Condition="Data.HasActiveQuest('Beer Basted Boar Ribs') == false and Data.HasCompletedQuest('Beer Basted Boar Ribs') == false">
        <TakeQuest NpcName="Ragnar Thunderbrew" QuestName="Beer Basted Boar Ribs" />
    </If>   
    <If Condition="Data.HasActiveQuest('Tools for Steelgrill') == false">
        <TakeQuest NpcName="Tharek Blackstone" QuestName="Tools for Steelgrill" />
    </If>
 
    <ReturnQuest NpcName="Beldin Steelgrill" QuestName="Tools for Steelgrill" />
</ShadowProfile>