<ShadowProfile Condition="Data.HasCompletedQuest('Ammo for Rumbleshot') == false">
 <Lua>HerbNodes[148499] = 0</Lua>
	<SetBaseSettings />	<!-- Restock Dun Morogh 5-12 (Kharanos)-->	<SetEnableRestockItems Value="true"/>	<ClearRestockItems/>	<!-- Food -->	<If Condition="Data.PlayerClass() == WoWClass.Rogue or Data.PlayerClass() == WoWClass.Warrior or Data.PlayerClass() == WoWClass.Hunter or Data.PlayerClass() == WoWClass.Warlock">		<AddRestockItem ItemName="Tough Hunk of Bread" NpcName="Innkeeper Belm" UnderAmount="5" BuyAmount="40"/>		<AddDoNotSellItem ItemName="Tough Hunk of Bread" />	</If>	<!-- Water -->	<If Condition="Data.PlayerClass() == WoWClass.Druid or Data.PlayerClass() == WoWClass.Hunter or Data.PlayerClass() == WoWClass.Warlock or Data.PlayerClass() == WoWClass.Paladin">		<AddRestockItem ItemName="Refreshing Spring Water" NpcName="Innkeeper Belm" UnderAmount="5" BuyAmount="40"/>		<AddDoNotSellItem ItemName="Refreshing Spring Water" />	</If>	<If Condition="Data.PlayerClass() == WoWClass.Priest">		<AddRestockItem ItemName="Refreshing Spring Water" NpcName="Innkeeper Belm" UnderAmount="3" BuyAmount="20"/>		<AddDoNotSellItem ItemName="Refreshing Spring Water" />	</If>	<!-- Bullets/Arrows -->	<If Condition="IsEquippedItemType('Gun') == true and Data.PlayerClass() == WoWClass.Hunter">		<AddRestockItem ItemName="Light Shot" NpcName="Kreg Bilmn" UnderAmount="100" BuyAmount="1200"/>	</If>	<If Condition="IsEquippedItemType('Bow') == true and Data.PlayerClass() == WoWClass.Hunter">		<AddRestockItem ItemName="Rough Arrow" NpcName="Kreg Bilmn" UnderAmount="100" BuyAmount="1200"/>	</If>	<If Condition="IsEquippedItemType('Crossbow') == true and Data.PlayerClass() == WoWClass.Hunter">		<AddRestockItem ItemName="Rough Arrow" NpcName="Kreg Bilmn" UnderAmount="100" BuyAmount="1200"/>	</If>	<!-- End Restock -->
     <If Condition="Data.HasActiveQuest('Ammo for Rumbleshot') == false">
        <TakeQuest NpcName="Loslor Rudge" QuestName="Ammo for Rumbleshot" />
    </If>
	<If Condition="Data.HasActiveQuest('The Grizzled Den') == false and Data.HasCompletedQuest('The Grizzled Den') == false">
        <TakeQuest NpcName="Pilot Stonegear" QuestName="The Grizzled Den" />
    </If>   
	<If Condition="Data.HasActiveQuest('Stocking Jetsteam') == false and Data.HasCompletedQuest('Stocking Jetsteam') == false">
        <TakeQuest NpcName="Pilot Bellowfiz" QuestName="Stocking Jetsteam" />
    </If>  
 
    <SetEnableVendoring Value="true"/>
    <SetVendorNpc NpcName="Innkeeper Belm"/>
    <SetVendorSlotsCount Value="2" />
    <SetEnableRepairing Value="true"/>
    <SetRepairNpc NpcName="Grawn Thromwyn"/>
    <SetRepairPercent Value="35" />
    <SetTargetingMode Mode="Gather Only" />
    <ClearHotspots />
    <SetEnableAutoHerb Value="true" />
		<AddHotspot X="-5744.6538085938" Y="-372.66412353516" Z="365.7294921875" Range="20" />
    <AllowQuestNode NodeName="Ammo Crate" />
    <While Condition="Data.AllQuestObjectivesAreComplete('Ammo for Rumbleshot') == false" >
        <Wait Value="100" />
    </While>
	<MoveTo X="-5984.3442382813" Y="-373.46221923828" Z="415.65682983398" Range="20" />
    <ReturnQuest NpcName="Hegnar Rumbleshot" QuestName="Ammo for Rumbleshot" />
</ShadowProfile>