<ShadowProfile Condition="Data.HasCompletedQuest('Bounty on Garrick Padfoot') == false and Data.HasCompletedQuest('Brotherhood of Thieves') == true">
	<!-- Vendor Settings -->
	<SetBaseSettings />
    <SetEnableVendoring Value="true"/>
    <SetVendorNpc NpcName="Godric Rothgar"/>
    <SetVendorSlotsCount Value="1" />
    <SetEnableRepairing Value="true"/>
    <SetRepairNpc NpcName="Godric Rothgar"/>
    <SetRepairPercent Value="35" />
	
	<!-- TakeQuest -->
    <If Condition="Data.HasActiveQuest('Bounty on Garrick Padfoot') == false and Data.HasCompletedQuest('Bounty on Garrick Padfoot') == false and Data.HasCompletedQuest('Brotherhood of Thieves') == true">
        <TakeQuest NpcName="Deputy Willem" QuestId="6" QuestName="Bounty on Garrick Padfoot" />
    </If>
 
 	<!-- QuestObjective -->
	<If Condition="Data.HasActiveQuest('Bounty on Garrick Padfoot') == true">
		<SetTargetingMode Mode="Around Points" />
		<ClearMonsterFilter/>
		<SetMonsterFilterMode Mode="Whitelist" />
		<AddMonsterFilterName Value="Garrick Padfoot"/>		
		<ClearHotspots />
		<!-- Blackspots -->
		
		<!-- Hotspots -->
		<AddHotspot X="-9048.7431640625" Y="-446.87384033203" Z="71.535087585449" Range="35" />

		<While Condition="Data.AllQuestObjectivesAreComplete('Bounty on Garrick Padfoot') == false" >
			<Wait Value="100" />
		</While>
	</If>
    <If Condition="Data.HasActiveQuest('Bounty on Garrick Padfoot') == true">
       <ReturnQuest NpcName="Deputy Willem" QuestId="6" QuestName="Bounty on Garrick Padfoot" />
    </If>	
	


</ShadowProfile>