<ShadowProfile Condition="Data.HasCompletedQuest('Buzzbox 827') == false or Data.HasCompletedQuest('Washed Ashore', 3524) == false">

	<!-- Bot settings -->
	<SetBaseSettings />
    <SetEnableVendoring Value="true"/>
    <SetVendorNpc NpcName="Elisa Steelhand"/>
    <SetVendorSlotsCount Value="2" />
    <SetEnableRepairing Value="true"/>
    <SetRepairNpc NpcName="Elisa Steelhand"/>
    <SetRepairPercent Value="35" />
	
	<!-- Restock Darkshore 12+ -->
	<SetEnableRestockItems Value="true"/>
	<ClearRestockItems/>
	<!-- Food -->
	<If Condition="Data.PlayerClass() == WoWClass.Rogue or Data.PlayerClass() == WoWClass.Warrior or Data.PlayerClass() == WoWClass.Hunter or Data.PlayerClass() == WoWClass.Warlock">
		<AddRestockItem ItemName="Longjaw Mud Snapper" NpcName="Laird" UnderAmount="5" BuyAmount="40"/>
		<AddDoNotSellItem ItemName="Longjaw Mud Snapper" />
	</If>
	<!-- Water -->
	<If Condition="Data.PlayerClass() == WoWClass.Druid or Data.PlayerClass() == WoWClass.Hunter or Data.PlayerClass() == WoWClass.Warlock or Data.PlayerClass() == WoWClass.Paladin">
		<AddRestockItem ItemName="Refreshing Spring Water" NpcName="Taldan" UnderAmount="5" BuyAmount="40"/>
		<AddDoNotSellItem ItemName="Refreshing Spring Water" />
	</If>
	<If Condition="Data.PlayerClass() == WoWClass.Priest">
		<AddRestockItem ItemName="Refreshing Spring Water" NpcName="Taldan" UnderAmount="3" BuyAmount="20"/>
		<AddDoNotSellItem ItemName="Refreshing Spring Water" />
	</If>
	<!-- Bullets/Arrows -->
	<If Condition="IsEquippedItemType('Gun') == true and Data.PlayerClass() == WoWClass.Hunter">
		<AddRestockItem ItemName="Heavy Shot" NpcName="Dalmond" UnderAmount="100" BuyAmount="800"/>
	</If>
	<If Condition="IsEquippedItemType('Bow') == true and Data.PlayerClass() == WoWClass.Hunter">
		<AddRestockItem ItemName="Sharp Arrow" NpcName="Dalmond" UnderAmount="100" BuyAmount="800"/>
	</If>
	<If Condition="IsEquippedItemType('Crossbow') == true and Data.PlayerClass() == WoWClass.Hunter">
		<AddRestockItem ItemName="Sharp Arrow" NpcName="Dalmond" UnderAmount="100" BuyAmount="800"/>
	</If>
	<!-- End Restock -->


	<!-- Pickup -->	
    <If Condition="Data.HasActiveQuest('Buzzbox 827') == false and Data.HasCompletedQuest('Washed Ashore', 3524) == false">
        <TakeQuest NpcName="Wizbang Cranktoggle" QuestId="983" QuestName="Buzzbox 827" />
    </If>
	<If Condition="Data.HasActiveQuest('Washed Ashore', 3524) == false and Data.HasCompletedQuest('Washed Ashore', 3524) == false">
        <TakeQuest NpcName="Gwennyth Bly\'Leggonde" QuestId="3524" QuestName="Washed Ashore" />
    </If>   
  
	<!-- Objective Completion -->
	
	<If Condition="Data.HasActiveQuest('Washed Ashore', 3524) == true and Data.AllQuestObjectivesAreComplete('Washed Ashore', 3524) == false" >
		<SetTargetingMode Mode="Gather Only" />
		<ClearHotspots />
		<SetEnableAutoHerb Value="true" />
		<AddHotspot X="6111.7822265625" Y="558.00964355469" Z="1.0471271276474" Range="20" />
		<AllowQuestNode NodeName="Beached Sea Creature" />	
		<While Condition="Data.AllQuestObjectivesAreComplete('Washed Ashore', 3524) == false" >
			<Wait Value="100" />
		</While>
	</If>
	
	    <If Condition="Data.HasActiveQuest('Buzzbox 827') == true and Data.AllQuestObjectivesAreComplete('Buzzbox 827') == false">
		<ClearHotspots />
		<!-- Settings -->
		<SetTargetingMode Mode="Around Points" />
		<!-- Blackspots -->
		<AddBlackspot X="6111.7822265625" Y="558.00964355469" Z="1.0471271276474" Range="20" />
		<!-- Hotspots -->
		<AddHotspot X="6313.9155273438" Y="578.30603027344" Z="0.83700436353683" Range="50" />
		<AddHotspot X="6252.21875" Y="581.6630859375" Z="1.928612112999" Range="50" />
		<AddHotspot X="6181.15234375" Y="570.90911865234" Z="2.4639565944672" Range="50" />
		<AddHotspot X="6052.794921875" Y="549.20666503906" Z="2.8070034980774" Range="50" />
		<AddHotspot X="6003.5278320313" Y="530.69024658203" Z="1.5433440208435" Range="50" />
		<AddHotspot X="5938.8564453125" Y="534.10064697266" Z="1.2762023210526" Range="50" />
		<AddHotspot X="5887.01953125" Y="560.62200927734" Z="1.0413525104523" Range="100" />
		<AddHotspot X="5826.1987304688" Y="537.71685791016" Z="0.66477108001709" Range="50" />
		<AddHotspot X="5726.583984375" Y="571.36828613281" Z="2.0172581672668" Range="100" />
		<!-- Mob Whitelist -->
		<ClearMonsterFilter/>
		<SetMonsterFilterMode Mode="Whitelist" />
		<AddMonsterFilterName Value="Pygmy Tide Crawler" />
		<AddMonsterFilterName Value="Young Reef Crawler" />
		<While Condition="Data.AllQuestObjectivesAreComplete('Buzzbox 827') == false" >
			<Wait Value="100" />
		</While>
    </If>
	
	
	<!-- TurnIn -->
    <If Condition="Data.HasActiveQuest('Buzzbox 827') == true">
		<ReturnQuestToObject QuestName="Buzzbox 827" X="6312.8549804688" Y="540.16149902344" Z="13.60666179657" />
	</If>
	<If Condition="Data.HasActiveQuest('Buzzbox 411') == false and Data.HasCompletedQuest('Buzzbox 827') == true">
		<TakeQuestFromObject QuestName="Buzzbox 411" X="6312.8549804688" Y="540.16149902344" Z="13.60666179657" />
	</If> 	
    <If Condition="Data.HasActiveQuest('Washed Ashore', 3524) == true and Data.AllQuestObjectivesAreComplete('Washed Ashore', 3524) == true">
        <ReturnQuest NpcName="Gwennyth Bly\'Leggonde" QuestId="3524" QuestName="Washed Ashore" />
    </If>	
    <If Condition="Data.HasActiveQuest('Washed Ashore', 4681) == false and Data.HasCompletedQuest('Washed Ashore', 4681) == false and Data.HasCompletedQuest('Washed Ashore', 3524) == true">
        <TakeQuest  NpcName="Gwennyth Bly\'Leggonde" QuestId="4681" QuestName="Washed Ashore" />
    </If>
</ShadowProfile>