<ShadowProfile Condition="Data.HasCompletedQuest('Cleansing of the Infected') == false and Data.HasCompletedQuest('Plagued Lands') == true">

	<!-- Bot settings -->
	<SetBaseSettings />
    <SetEnableVendoring Value="true"/>
    <SetVendorNpc NpcName="Elisa Steelhand"/>
    <SetVendorSlotsCount Value="2" />
    <SetEnableRepairing Value="true"/>
    <SetRepairNpc NpcName="Elisa Steelhand"/>
    <SetRepairPercent Value="35" />
	
	<!-- Restock Darkshore 12+ -->
	<SetEnableRestockItems Value="true"/>
	<ClearRestockItems/>
	<!-- Food -->
	<If Condition="Data.PlayerClass() == WoWClass.Rogue or Data.PlayerClass() == WoWClass.Warrior or Data.PlayerClass() == WoWClass.Hunter or Data.PlayerClass() == WoWClass.Warlock">
		<AddRestockItem ItemName="Longjaw Mud Snapper" NpcName="Laird" UnderAmount="5" BuyAmount="40"/>
		<AddDoNotSellItem ItemName="Longjaw Mud Snapper" />
	</If>
	<!-- Water -->
	<If Condition="Data.PlayerClass() == WoWClass.Druid or Data.PlayerClass() == WoWClass.Hunter or Data.PlayerClass() == WoWClass.Warlock or Data.PlayerClass() == WoWClass.Paladin">
		<AddRestockItem ItemName="Refreshing Spring Water" NpcName="Taldan" UnderAmount="5" BuyAmount="40"/>
		<AddDoNotSellItem ItemName="Refreshing Spring Water" />
	</If>
	<If Condition="Data.PlayerClass() == WoWClass.Priest">
		<AddRestockItem ItemName="Refreshing Spring Water" NpcName="Taldan" UnderAmount="3" BuyAmount="20"/>
		<AddDoNotSellItem ItemName="Refreshing Spring Water" />
	</If>
	<!-- Bullets/Arrows -->
	<If Condition="IsEquippedItemType('Gun') == true and Data.PlayerClass() == WoWClass.Hunter">
		<AddRestockItem ItemName="Heavy Shot" NpcName="Dalmond" UnderAmount="100" BuyAmount="800"/>
	</If>
	<If Condition="IsEquippedItemType('Bow') == true and Data.PlayerClass() == WoWClass.Hunter">
		<AddRestockItem ItemName="Sharp Arrow" NpcName="Dalmond" UnderAmount="100" BuyAmount="800"/>
	</If>
	<If Condition="IsEquippedItemType('Crossbow') == true and Data.PlayerClass() == WoWClass.Hunter">
		<AddRestockItem ItemName="Sharp Arrow" NpcName="Dalmond" UnderAmount="100" BuyAmount="800"/>
	</If>
	<!-- End Restock -->
	
	<!-- TakeQuest -->
	<If Condition="Data.HasActiveQuest('Cleansing of the Infected') == false and Data.HasCompletedQuest('Cleansing of the Infected') == false and Data.HasCompletedQuest('Plagued Lands') == true">
		<TakeQuest NpcName="Tharnariun Treetender" QuestId="2138" QuestName="Cleansing of the Infected" />
	</If> 	
	

	<!-- QuestObjective -->
	<If Condition="Data.HasActiveQuest('Cleansing of the Infected') == true and Data.AllQuestObjectivesAreComplete('Cleansing of the Infected') == false">
		<ClearHotspots />
		<!-- Blackspots -->
		<AddBlackspot X="6945.337890625" Y="191.59996032715" Z="0.7271381020546" Range="40" />
		<AddBlackspot X="7078.8408203125" Y="17.215175628662" Z="16.496513366699" Range="10" />
		<!-- Hotspots -->
		<AddHotspot X="7223.59765625" Y="43.389808654785" Z="9.385516166687" Range="100" />
		<AddHotspot X="7218.06640625" Y="-98.212249755859" Z="13.272682189941" Range="100" />
		<AddHotspot X="7205.8935546875" Y="-255.22779846191" Z="28.302865982056" Range="100" />
		<AddHotspot X="7151.0854492188" Y="-407.5830078125" Z="37.540874481201" Range="100" />
		<AddHotspot X="7021.6376953125" Y="-380.8196105957" Z="34.163375854492" Range="100" />
		<AddHotspot X="6918.873046875" Y="-306.02828979492" Z="41.816661834717" Range="100" />

		<SetTargetingMode Mode="Around Points" />
		<!-- Mob Whitelist -->
		<ClearMonsterFilter/>
		<SetMonsterFilterMode Mode="Blacklist" />
		<AddMonsterFilterName Value="Foreststrider" />
		<While Condition="Data.AllQuestObjectivesAreComplete('Cleansing of the Infected') == false" >
			<Wait Value="100" />
		</While>
	</If>


    <If Condition="Data.HasActiveQuest('Cleansing of the Infected') == true and Data.AllQuestObjectivesAreComplete('Cleansing of the Infected') == true">
        <ReturnQuest NpcName="Tharnariun Treetender" QuestId="2138" QuestName="Cleansing of the Infected" />
    </If>

	
</ShadowProfile>