<ShadowProfile Condition="Data.HasCompletedQuest('How Big a Threat?', 985) == false">

	<!-- Bot settings -->
	<SetBaseSettings />
    <SetEnableVendoring Value="true"/>
    <SetVendorNpc NpcName="Elisa Steelhand"/>
    <SetVendorSlotsCount Value="2" />
    <SetEnableRepairing Value="true"/>
    <SetRepairNpc NpcName="Elisa Steelhand"/>
    <SetRepairPercent Value="35" />
	
	<!-- Restock Darkshore 12+ -->
	<SetEnableRestockItems Value="true"/>
	<ClearRestockItems/>
	<!-- Food -->
	<If Condition="Data.PlayerClass() == WoWClass.Rogue or Data.PlayerClass() == WoWClass.Warrior or Data.PlayerClass() == WoWClass.Hunter or Data.PlayerClass() == WoWClass.Warlock">
		<AddRestockItem ItemName="Longjaw Mud Snapper" NpcName="Laird" UnderAmount="5" BuyAmount="40"/>
		<AddDoNotSellItem ItemName="Longjaw Mud Snapper" />
	</If>
	<!-- Water -->
	<If Condition="Data.PlayerClass() == WoWClass.Druid or Data.PlayerClass() == WoWClass.Hunter or Data.PlayerClass() == WoWClass.Warlock or Data.PlayerClass() == WoWClass.Paladin">
		<AddRestockItem ItemName="Refreshing Spring Water" NpcName="Taldan" UnderAmount="5" BuyAmount="40"/>
		<AddDoNotSellItem ItemName="Refreshing Spring Water" />
	</If>
	<If Condition="Data.PlayerClass() == WoWClass.Priest">
		<AddRestockItem ItemName="Refreshing Spring Water" NpcName="Taldan" UnderAmount="3" BuyAmount="20"/>
		<AddDoNotSellItem ItemName="Refreshing Spring Water" />
	</If>
	<!-- Bullets/Arrows -->
	<If Condition="IsEquippedItemType('Gun') == true and Data.PlayerClass() == WoWClass.Hunter">
		<AddRestockItem ItemName="Heavy Shot" NpcName="Dalmond" UnderAmount="100" BuyAmount="800"/>
	</If>
	<If Condition="IsEquippedItemType('Bow') == true and Data.PlayerClass() == WoWClass.Hunter">
		<AddRestockItem ItemName="Sharp Arrow" NpcName="Dalmond" UnderAmount="100" BuyAmount="800"/>
	</If>
	<If Condition="IsEquippedItemType('Crossbow') == true and Data.PlayerClass() == WoWClass.Hunter">
		<AddRestockItem ItemName="Sharp Arrow" NpcName="Dalmond" UnderAmount="100" BuyAmount="800"/>
	</If>
	<!-- End Restock -->

	<!-- TakeQuest -->
	<If Condition="Data.HasActiveQuest('How Big a Threat?', 984) == false and Data.HasCompletedQuest('How Big a Threat?', 984) == false">
        <TakeQuest NpcName="Terenthis" QuestId="984" QuestName="How Big a Threat?" />
    </If>
	
	<!-- QuestObjective -->
	<If Condition="Data.HasActiveQuest('How Big a Threat?', 985) == true and Data.AllQuestObjectivesAreComplete('How Big a Threat?', 985) == false">
		<ClearHotspots />
		<!-- Blackspots -->

		<!-- Hotspots -->
		<AddHotspot X="6049.6655273438" Y="340.09338378906" Z="27.607864379883" Range="10" />
		<AddHotspot X="6016.9008789063" Y="344.72003173828" Z="28.253084182739" Range="10" />

		<SetTargetingMode Mode="Around Points" />
		<ClearMonsterFilter/>
		<While Condition="Data.AllQuestObjectivesAreComplete('How Big a Threat?', 984) == false" >
			<Wait Value="100" />
		</While>
	</If>	
	
    <If Condition="Data.HasActiveQuest('How Big a Threat?', 984) == true and Data.AllQuestObjectivesAreComplete('How Big a Threat?', 984) == true">
        <ReturnQuest NpcName="Terenthis" QuestId="984" QuestName="How Big a Threat?" />
    </If>	
	

	
	<!-- TakeQuest -->
	<If Condition="Data.HasActiveQuest('How Big a Threat?', 985) == false and Data.HasCompletedQuest('How Big a Threat?', 985) == false">
        <TakeQuest NpcName="Terenthis" QuestId="985" QuestName="How Big a Threat?" />
    </If>
	

	<!-- QuestObjective Hotspot skal måske flyttes og monsterfilter opdateres -->
	<If Condition="Data.HasActiveQuest('How Big a Threat?', 985) == true and Data.AllQuestObjectivesAreComplete('How Big a Threat?', 985) == false">
		<ClearHotspots />
		<!-- Blackspots -->

		<!-- Hotspots -->
		<AddHotspot X="5983.0883789063" Y="335.50082397461" Z="22.17618560791" Range="50" />
		<AddHotspot X="5883.0581054688" Y="325.78112792969" Z="20.982585906982" Range="50" />
		<AddHotspot X="5868.0009765625" Y="363.8376159668" Z="21.21922492981" Range="50" />

		<SetTargetingMode Mode="Around Points" />
		<ClearMonsterFilter/>
		<While Condition="Data.AllQuestObjectivesAreComplete('How Big a Threat?', 985) == false" >
			<Wait Value="100" />
		</While>
	</If>

    <If Condition="Data.HasActiveQuest('How Big a Threat?', 985) == true and Data.AllQuestObjectivesAreComplete('How Big a Threat?', 985) == true">
        <ReturnQuest NpcName="Terenthis" QuestId="985" QuestName="How Big a Threat?" />
    </If>
	<If Condition="Data.HasActiveQuest('A Lost Master', 986) == false and Data.HasCompletedQuest('A Lost Master', 986) == false">
		<TakeQuest NpcName="Terenthis" QuestId="986" QuestName="A Lost Master" />
	</If>
	
</ShadowProfile>