<ShadowProfile Condition="UnitLevel('player') &lt;= 6">

	<!-- Bot settings -->	<SetBaseSettings />    <SetEnableVendoring Value="true"/>    <SetVendorNpc NpcName="Brannol Eaglemoon"/>    <SetVendorSlotsCount Value="1" />    <SetEnableRepairing Value="true"/>    <SetRepairNpc NpcName="Brannol Eaglemoon"/>    <SetRepairPercent Value="35" />	<!-- Restock Teldrassil 5-12 -->	<SetEnableRestockItems Value="true"/>	<!-- Food -->	<If Condition="Data.PlayerClass() == WoWClass.Rogue or Data.PlayerClass() == WoWClass.Warrior or Data.PlayerClass() == WoWClass.Hunter or Data.PlayerClass() == WoWClass.Warlock">		<AddRestockItem ItemName="Tough Hunk of Bread" NpcName="Innkeeper Keldamyr" UnderAmount="5" BuyAmount="40"/>		<AddDoNotSellItem ItemName="Tough Hunk of Bread" />	</If>	<!-- Water -->	<If Condition="Data.PlayerClass() == WoWClass.Druid or Data.PlayerClass() == WoWClass.Hunter or Data.PlayerClass() == WoWClass.Warlock or Data.PlayerClass() == WoWClass.Paladin">		<AddRestockItem ItemName="Refreshing Spring Water" NpcName="Innkeeper Keldamyr" UnderAmount="5" BuyAmount="40"/>		<AddDoNotSellItem ItemName="Refreshing Spring Water" />	</If>	<If Condition="Data.PlayerClass() == WoWClass.Priest">		<AddRestockItem ItemName="Refreshing Spring Water" NpcName="Innkeeper Keldamyr" UnderAmount="3" BuyAmount="20"/>		<AddDoNotSellItem ItemName="Refreshing Spring Water" />	</If>	<!-- Bullets/Arrows -->	<If Condition="IsEquippedItemType('Gun') == true and Data.PlayerClass() == WoWClass.Hunter">		<AddRestockItem ItemName="Light Shot" NpcName="Aldia " UnderAmount="400" BuyAmount="1200"/>	</If>	<If Condition="IsEquippedItemType('Bow') == true and Data.PlayerClass() == WoWClass.Hunter">		<AddRestockItem ItemName="Rough Arrow" NpcName="Jeena Featherbow" UnderAmount="400" BuyAmount="1200"/>	</If>	<If Condition="IsEquippedItemType('Crossbow') == true and Data.PlayerClass() == WoWClass.Hunter">		<AddRestockItem ItemName="Rough Arrow" NpcName="Jeena Featherbow" UnderAmount="400" BuyAmount="1200"/>	</If>	<!-- End Restock -->		<SetTargetingMode Mode="Around Points" />		<!-- Blackspots -->		<!-- Hotspots -->		<AddHotspot X="9804.13671875" Y="632.63049316406" Z="1297.5355224609" Range="100" />		<AddHotspot X="9775.4208984375" Y="747.22735595703" Z="1299.1092529297" Range="100" />		<AddHotspot X="9859.158203125" Y="720.02471923828" Z="1303.6146240234" Range="100" />		<AddHotspot X="9679.9521484375" Y="601.45568847656" Z="1302.7628173828" Range="100" />		<While Condition="UnitLevel('player') &lt;= 6" >				<Wait Value="100" />		</While>	
</ShadowProfile>