<ShadowProfile Condition="Data.HasCompletedQuest('The Road to Darnassus') == false">

    <SetBaseSettings />
	<!-- Pickup -->
    <If Condition="Data.HasActiveQuest('The Road to Darnassus') == false and Data.HasCompletedQuest('The Road to Darnassus') == false">
		<AddBlackspot X="10023.478515625" Y="1181.0710449219" Z="1325.3693847656" Range="20" />
		<MoveTo X="10122.178710938" Y="1381.8748779297" Z="1309.9573974609" />	
        <TakeQuest NpcName="Moon Priestess Amara" QuestId="487" QuestName="The Road to Darnassus" />
    </If>	

	<!-- Bot settings -->
	<SetBaseSettings />
    <SetEnableVendoring Value="true"/>
    <SetVendorNpc NpcName="Brannol Eaglemoon"/>
    <SetVendorSlotsCount Value="1" />
    <SetEnableRepairing Value="true"/>
    <SetRepairNpc NpcName="Brannol Eaglemoon"/>
    <SetRepairPercent Value="35" />

	<!-- Restock Teldrassil 5-12 -->
	<SetEnableRestockItems Value="true"/>
	<!-- Food -->
	<If Condition="Data.PlayerClass() == WoWClass.Rogue or Data.PlayerClass() == WoWClass.Warrior or Data.PlayerClass() == WoWClass.Hunter or Data.PlayerClass() == WoWClass.Warlock">
		<AddRestockItem ItemName="Tough Hunk of Bread" NpcName="Innkeeper Keldamyr" UnderAmount="5" BuyAmount="40"/>
		<AddDoNotSellItem ItemName="Tough Hunk of Bread" />
	</If>
	<!-- Water -->
	<If Condition="Data.PlayerClass() == WoWClass.Druid or Data.PlayerClass() == WoWClass.Hunter or Data.PlayerClass() == WoWClass.Warlock or Data.PlayerClass() == WoWClass.Paladin">
		<AddRestockItem ItemName="Refreshing Spring Water" NpcName="Innkeeper Keldamyr" UnderAmount="5" BuyAmount="40"/>
		<AddDoNotSellItem ItemName="Refreshing Spring Water" />
	</If>
	<If Condition="Data.PlayerClass() == WoWClass.Priest">
		<AddRestockItem ItemName="Refreshing Spring Water" NpcName="Innkeeper Keldamyr" UnderAmount="3" BuyAmount="20"/>
		<AddDoNotSellItem ItemName="Refreshing Spring Water" />
	</If>
	<!-- Bullets/Arrows -->
	<If Condition="IsEquippedItemType('Gun') == true and Data.PlayerClass() == WoWClass.Hunter">
		<AddRestockItem ItemName="Light Shot" NpcName="Aldia " UnderAmount="400" BuyAmount="1200"/>
	</If>
	<If Condition="IsEquippedItemType('Bow') == true and Data.PlayerClass() == WoWClass.Hunter">
		<AddRestockItem ItemName="Rough Arrow" NpcName="Jeena Featherbow" UnderAmount="400" BuyAmount="1200"/>
	</If>
	<If Condition="IsEquippedItemType('Crossbow') == true and Data.PlayerClass() == WoWClass.Hunter">
		<AddRestockItem ItemName="Rough Arrow" NpcName="Jeena Featherbow" UnderAmount="400" BuyAmount="1200"/>
	</If>
	<!-- End Restock -->


	<!-- Objective Completion -->
    <If Condition="Data.HasActiveQuest('The Road to Darnassus') == true">
		<ClearHotspots />
		<!-- Settings -->
		<SetTargetingMode Mode="Around Points" />
		<!-- Blackspots -->
		<AddBlackspot X="10058.048828125" Y="323.04086303711" Z="1324.8781738281" Range="15" />
		<AddBlackspot X="9370.8828125" Y="1706.7620849609" Z="1308.5528564453" Range="20" />
		<!-- Hotspots -->
		<AddHotspot X="10035.345703125" Y="1445.5489501953" Z="1274.6890869141" Range="75" />
		<!-- Mob Whitelist -->
		<ClearMonsterFilter/>
		<SetMonsterFilterMode Mode="Whitelist" />
		<AddMonsterFilterName Value="Gnarlpine Ambusher" />
		<!-- Completion condition -->
		<While Condition="Data.AllQuestObjectivesAreComplete('The Road to Darnassus') == false" >
			<Wait Value="100" />
		</While>
    </If>
	<If Condition="Data.HasActiveQuest('Crown of the Earth', 933) == true and Data.AllQuestObjectivesAreComplete('Crown of the Earth', 933) == false">
		<ClearHotspots />
		<!-- Blackspots -->
		<AddBlackspot X="9565.3193359375" Y="1291.4835205078" Z="1300.9554443359" Range="20" />
		<AddBlackspot X="9370.8828125" Y="1706.7620849609" Z="1308.5528564453" Range="20" />
		<!-- Hotspots -->
		<If Condition="Nav.RangeFromMeXYZ(9551.951171875, 1656.1898193359, 1299.544921875) &gt; 3">
			<MoveTo X="9551.951171875" Y="1656.1898193359" Z="1299.544921875" />
		</If>
		<UseItem ItemName="Tourmaline Phial" />
		<While Condition="Data.AllQuestObjectivesAreComplete('Crown of the Earth', 933) == false" >
			<Wait Value="100" />
		</While>
	</If>
    <If Condition="Data.HasActiveQuest('The Glowing Fruit') == false and Data.HasCompletedQuest('The Glowing Fruit') == false">
		<TakeQuestFromObject QuestName="The Glowing Fruit" X="9247.0458984375" Y="1647.5118408203" Z="1304.1596679688" />
    </If>


	<!-- TurnIn -->
    <If Condition="Data.HasActiveQuest('The Glowing Fruit') == true">
        <ReturnQuest NpcName="Denalan" QuestId="930" QuestName="The Glowing Fruit" />
    </If>	
    <If Condition="Data.HasActiveQuest('Crown of the Earth', 933) == true and Data.AllQuestObjectivesAreComplete('Crown of the Earth', 933) == true">
        <ReturnQuest NpcName="Corithras Moonrage" QuestId="933" QuestName="Crown of the Earth" />
    </If>	
    <If Condition="Data.HasActiveQuest('Crown of the Earth', 7383) == false and Data.HasCompletedQuest('Crown of the Earth', 7383) == false">
        <TakeQuest NpcName="Corithras Moonrage" QuestId="7383" QuestName="Crown of the Earth" />
    </If>
	<If Condition="Data.HasActiveQuest('The Road to Darnassus') == true and Data.AllQuestObjectivesAreComplete('The Road to Darnassus') == true">
		<AddBlackspot X="10023.478515625" Y="1181.0710449219" Z="1325.3693847656" Range="20" />
		<MoveTo X="10122.178710938" Y="1381.8748779297" Z="1309.9573974609" />
		<ReturnQuest NpcName="Moon Priestess Amara" QuestId="487" QuestName="The Road to Darnassus" />				
	</If>				
			
		

	

</ShadowProfile>