<ShadowProfile Condition="UnitLevel('player') &gt;= 10">

	<!-- Bot settings -->
	<SetBaseSettings />
    <SetEnableVendoring Value="true"/>
    <SetVendorNpc NpcName="Brannol Eaglemoon"/>
    <SetVendorSlotsCount Value="0" />
    <SetEnableRepairing Value="true"/>
    <SetRepairNpc NpcName="Brannol Eaglemoon"/>
    <SetRepairPercent Value="30" />

	<!-- Restock Teldrassil 5-12 -->
	<SetEnableRestockItems Value="true"/>
	<!-- Food -->
	<If Condition="Data.PlayerClass() == WoWClass.Rogue or Data.PlayerClass() == WoWClass.Warrior or Data.PlayerClass() == WoWClass.Hunter or Data.PlayerClass() == WoWClass.Warlock">
		<AddRestockItem ItemName="Tough Hunk of Bread" NpcName="Innkeeper Keldamyr" UnderAmount="5" BuyAmount="40"/>
		<AddDoNotSellItem ItemName="Tough Hunk of Bread" />
	</If>
	<!-- Water -->
	<If Condition="Data.PlayerClass() == WoWClass.Druid or Data.PlayerClass() == WoWClass.Hunter or Data.PlayerClass() == WoWClass.Warlock or Data.PlayerClass() == WoWClass.Paladin">
		<AddRestockItem ItemName="Refreshing Spring Water" NpcName="Innkeeper Keldamyr" UnderAmount="5" BuyAmount="40"/>
		<AddDoNotSellItem ItemName="Refreshing Spring Water" />
	</If>
	<If Condition="Data.PlayerClass() == WoWClass.Priest">
		<AddRestockItem ItemName="Refreshing Spring Water" NpcName="Innkeeper Keldamyr" UnderAmount="3" BuyAmount="20"/>
		<AddDoNotSellItem ItemName="Refreshing Spring Water" />
	</If>
	<!-- Bullets/Arrows -->
	<If Condition="IsEquippedItemType('Gun') == true and Data.PlayerClass() == WoWClass.Hunter">
		<AddRestockItem ItemName="Light Shot" NpcName="Aldia " UnderAmount="400" BuyAmount="1200"/>
	</If>
	<If Condition="IsEquippedItemType('Bow') == true and Data.PlayerClass() == WoWClass.Hunter">
		<AddRestockItem ItemName="Rough Arrow" NpcName="Jeena Featherbow" UnderAmount="400" BuyAmount="1200"/>
	</If>
	<If Condition="IsEquippedItemType('Crossbow') == true and Data.PlayerClass() == WoWClass.Hunter">
		<AddRestockItem ItemName="Rough Arrow" NpcName="Jeena Featherbow" UnderAmount="400" BuyAmount="1200"/>
	</If>
	<!-- End Restock -->


<!-- Rogue -->
<If Condition="Data.HasCompletedQuest('Destiny Calls') == false and Data.PlayerClass() == WoWClass.Rogue">
    <If Condition="Data.HasActiveQuest('The Apple Falls') == false and Data.HasCompletedQuest('The Apple Falls') == false">
        <TakeQuest NpcName="Jannok Breezesong" QuestName="The Apple Falls" />
    </If>
    <If Condition="Data.HasActiveQuest('The Apple Falls') == true"> 
		<ReturnQuest NpcName="Syurna" QuestName="The Apple Falls" />
	</If>
    <If Condition="Data.HasActiveQuest('Destiny Calls') == false and Data.HasCompletedQuest('The Apple Falls') == true and Data.HasCompletedQuest('Destiny Calls') == false">
        <TakeQuest NpcName="Syurna" QuestName="Destiny Calls" />
    </If>
</If>
	

	
</ShadowProfile>