<ShadowProfile Condition="UnitLevel('player') &gt;= 100">

<!-- NE Hunter (NOT WORKING!!!) -->
	<If Condition="Data.PlayerClass() == WoWClass.Hunter and Data.MyRace() == WoWRace.NightElf">
		<If Condition="Data.HasActiveQuest('Taming the Beast', 6063) == false and Data.HasCompletedQuest('Taming the Beast', 6063) == false and Data.PlayerClass() == WoWClass.Hunter and Data.MyRace() == WoWRace.NightElf">
			<TakeQuest NpcName="Dazalar" QuestId="6063" QuestName="Taming the Beast" />
		</If>
		
		<While Condition="Data.GetMyPet() == nil and Data.HasCompletedQuest('Taming the Beast', 6063) == false">
			<MoveTo X="9966.4267578125" Y="734.14685058594" Z="1322.1916503906" />
			<UseItemOnNpc NpcId="1998" ItemId="15921" />						<SetEnablePreemptiveMonsterAttack Value="false" />			<SetEnableProfileIgnoreCombat Value="true" />			<BotSleep Value="10000"/>			<SetEnableProfileIgnoreCombat Value="false" />	
		</While>	
		<If Condition="Data.HasActiveQuest('Taming the Beast', 6063) == true and Data.PlayerClass() == WoWClass.Hunter and Data.MyRace() == WoWRace.NightElf"> 
			<ReturnQuest NpcName="Dazalar" QuestId="6063" QuestName="Taming the Beast" />
		</If>
		<Lua>PetDismiss()</Lua>
	

	<If Condition="Data.HasActiveQuest('Taming the Beast', 6101) == false and Data.HasCompletedQuest('Taming the Beast', 6101) == false and Data.PlayerClass() == WoWClass.Hunter and Data.MyRace() == WoWRace.NightElf">
        <TakeQuest NpcName="Dazalar" QuestId="6101" QuestName="Taming the Beast" />
    </If>
	
	<While Condition="Data.GetMyPet() == nil and Data.HasCompletedQuest('Taming the Beast', 6101) == false">
		<MoveTo X="9377.3974609375" Y="947.27783203125" Z="1288.525390625" />
		<SetEnablePreemptiveMonsterAttack Value="false" />
		<SetEnableProfileIgnoreCombat Value="true" />			<UseItemOnNpc NpcId="2043" ItemId="15922" />
		<BotSleep Value="10000"/>
		<SetEnableProfileIgnoreCombat Value="false" />
	</While>	
    <If Condition="Data.HasActiveQuest('Taming the Beast', 6101) == true and Data.MyRace() == WoWClass.Hunter"> 
		<ReturnQuest NpcName="Dazalar" QuestId="6101" QuestName="Taming the Beast" />		
	</If>
	
	
	
	<If Condition="Data.HasActiveQuest('Taming the Beast', 6085) == false and Data.HasCompletedQuest('Taming the Beast', 6085) == false and Data.PlayerClass() == WoWClass.Hunter and Data.MyRace() == WoWRace.NightElf">		<Lua>PetDismiss()</Lua>	
        <TakeQuest NpcName="Grif Wildheart" QuestId="6085" QuestName="Taming the Beast" />
    </If>
	
	<While Condition="Data.GetMyPet() == nil and Data.HasCompletedQuest('Taming the Beast', 6085) == false">
		<MoveTo X="-5800.9291992188" Y="-646.87725830078" Z="397.41033935547" />
		<MoveTo X="-5816.5141601563" Y="-680.48217773438" Z="397.82537841797" />
		<SetEnablePreemptiveMonsterAttack Value="false" />
		<SetEnableProfileIgnoreCombat Value="true" />
		<UseItemOnNpc NpcId="1196" ItemId="15908" />
		<BotSleep Value="10000"/>
		<SetEnableProfileIgnoreCombat Value="false" />
	</While>	
    <If Condition="Data.HasActiveQuest('Taming the Beast', 6085) == true and Data.MyRace() == WoWClass.Hunter"> 
		<ReturnQuest NpcName="Grif Wildheart" QuestId="6085" QuestName="Taming the Beast" />
	</If>
	<Lua>PetDismiss()</Lua>		
	</If>
	
	<If Condition="Data.HasActiveQuest('Training the Beast', 6086) == false and Data.HasCompletedQuest('Taming the Beast', 6086) == false and Data.PlayerClass() == WoWClass.Hunter and Data.MyRace() == WoWRace.NightElf">
        <TakeQuest NpcName="Grif Wildheart" QuestId="6086" QuestName="Training the Beast" />
    </If>	
    <If Condition="Data.HasActiveQuest('Training the Beast', 6086) == true and Data.MyRace() == WoWClass.Hunter"> 
		<ReturnQuest NpcName="Belia Thundergranite" QuestId="6086" QuestName="Training the Beast" />
	</If>	
</ShadowProfile>