<ShadowProfile Condition="UnitLevel('player') &gt;= 5 and Data.HasCompletedQuest('The Emerald Dreamcatcher') == false">
	<SetBaseSettings />
	<!-- Pickup -->
    <If Condition="Data.HasActiveQuest('Crown of the Earth', 929) == false and Data.HasCompletedQuest('Crown of the Earth', 929) == false and Data.HasCompletedQuest('Crown of the Earth', 928) == true">
        <TakeQuest NpcName="Corithras Moonrage" QuestId="929" QuestName="Crown of the Earth" />
    </If>	
	
    <If Condition="Data.HasActiveQuest('Denalan\'s Earth') == false and Data.HasCompletedQuest('Denalan\'s Earth') == false">
        <TakeQuest NpcName="Syral Bladeleaf" QuestId="997" QuestName="Denalan\'s Earth" />
    </If>   
    <If Condition="Data.HasActiveQuest('A Troubling Breeze') == false and Data.HasCompletedQuest('A Troubling Breeze') == false">
        <TakeQuest NpcName="Athridas Bearmantle" QuestId="475" QuestName="A Troubling Breeze" />
    </If>
<!--	<If Condition="Data.HasActiveQuest('Twisted Hatred') == false and Data.HasCompletedQuest('Twisted Hatred') == false">
        <TakeQuest NpcName="Tallonkai Swiftroot" QuestId="932" QuestName="Twisted Hatred" />
    </If> -->
	<If Condition="Data.HasActiveQuest('The Emerald Dreamcatcher') == false and Data.HasCompletedQuest('The Emerald Dreamcatcher') == false">
        <TakeQuest NpcName="Tallonkai Swiftroot" QuestId="2438" QuestName="The Emerald Dreamcatcher" />
    </If>
	
	
</ShadowProfile>