<ShadowProfile Condition="Data.HasCompletedQuest('Crown of the Earth', 929) == false">
	<!-- Vendor Settings -->
    <SetEnableVendoring Value="true"/>
    <SetVendorNpc NpcName="Keina"/>
    <SetVendorSlotsCount Value="2" />
    <SetEnableRepairing Value="true"/>
    <SetRepairNpc NpcName="Keina"/>
    <SetRepairPercent Value="35" />

	<!-- Restock Teldrassil 5-12 -->
	<SetEnableRestockItems Value="true"/>
	<!-- Food -->
	<If Condition="Data.PlayerClass() == WoWClass.Rogue or Data.PlayerClass() == WoWClass.Warrior or Data.PlayerClass() == WoWClass.Hunter or Data.PlayerClass() == WoWClass.Warlock">
		<AddRestockItem ItemName="Tough Hunk of Bread" NpcName="Innkeeper Keldamyr" UnderAmount="5" BuyAmount="40"/>
		<AddDoNotSellItem ItemName="Tough Hunk of Bread" />
	</If>
	<!-- Water -->
	<If Condition="Data.PlayerClass() == WoWClass.Druid or Data.PlayerClass() == WoWClass.Hunter or Data.PlayerClass() == WoWClass.Warlock or Data.PlayerClass() == WoWClass.Paladin">
		<AddRestockItem ItemName="Refreshing Spring Water" NpcName="Innkeeper Keldamyr" UnderAmount="5" BuyAmount="40"/>
		<AddDoNotSellItem ItemName="Refreshing Spring Water" />
	</If>
	<If Condition="Data.PlayerClass() == WoWClass.Priest">
		<AddRestockItem ItemName="Refreshing Spring Water" NpcName="Innkeeper Keldamyr" UnderAmount="3" BuyAmount="20"/>
		<AddDoNotSellItem ItemName="Refreshing Spring Water" />
	</If>
	<!-- Bullets/Arrows -->
	<If Condition="IsEquippedItemType('Gun') == true and Data.PlayerClass() == WoWClass.Hunter">
		<AddRestockItem ItemName="Light Shot" NpcName="Aldia " UnderAmount="400" BuyAmount="1200"/>
	</If>
	<If Condition="IsEquippedItemType('Bow') == true and Data.PlayerClass() == WoWClass.Hunter">
		<AddRestockItem ItemName="Rough Arrow" NpcName="Jeena Featherbow" UnderAmount="400" BuyAmount="1200"/>
	</If>
	<If Condition="IsEquippedItemType('Crossbow') == true and Data.PlayerClass() == WoWClass.Hunter">
		<AddRestockItem ItemName="Rough Arrow" NpcName="Jeena Featherbow" UnderAmount="400" BuyAmount="1200"/>
	</If>
	<!-- End Restock -->

    <If Condition="Data.HasActiveQuest('Crown of the Earth', 929) == false and Data.HasCompletedQuest('Crown of the Earth', 929) == false and Data.HasCompletedQuest('Crown of the Earth', 928) == true">
        <TakeQuest NpcName="Corithras Moonrage" QuestId="929" QuestName="Crown of the Earth" />
    </If>

	<While Condition="Data.HasActiveQuest('Crown of the Earth', 929) == true and Data.AllQuestObjectivesAreComplete('Crown of the Earth', 929) == false">
		<ClearHotspots />
		<If Condition="Nav.RangeFromMeXYZ(9859.81640625, 591.23248291016, 1300.8079833984) &gt; 3">
			<MoveTo X="9859.81640625" Y="591.23248291016" Z="1300.8079833984" />
		</If>
		<UseItem ItemName="Jade Phial" />
	</While>

	<If Condition="Data.HasActiveQuest('Crown of the Earth', 929) == true">
		<ReturnQuest NpcName="Corithras Moonrage" QuestId="929" QuestName="Crown of the Earth" />
	</If>	
    <If Condition="Data.HasActiveQuest('Crown of the Earth', 933) == false and Data.HasCompletedQuest('Crown of the Earth', 933) == false and Data.HasCompletedQuest('Crown of the Earth', 929) == true">
        <TakeQuest NpcName="Corithras Moonrage" QuestId="933" QuestName="Crown of the Earth" />
    </If>		
</ShadowProfile>