<ShadowProfile Condition="Data.HasCompletedQuest('The Emerald Dreamcatcher') == false or Data.HasCompletedQuest('A Troubling Breeze') == false">
<Lua>QuestNodes[126158]=0</Lua> 
	<!-- Pickup -->	
    <If Condition="Data.HasActiveQuest('A Troubling Breeze') == false and Data.HasCompletedQuest('A Troubling Breeze') == false">
        <TakeQuest NpcName="Athridas Bearmantle" QuestId="475" QuestName="A Troubling Breeze" />
    </If>
	<If Condition="Data.HasActiveQuest('The Emerald Dreamcatcher') == false and Data.HasCompletedQuest('The Emerald Dreamcatcher') == false">
        <TakeQuest NpcName="Tallonkai Swiftroot" QuestId="2438" QuestName="The Emerald Dreamcatcher" />
    </If>   
  
	<!-- Bot settings -->
	<SetBaseSettings />
    <SetEnableVendoring Value="true"/>
    <SetVendorNpc NpcName="Brannol Eaglemoon"/>
    <SetVendorSlotsCount Value="1" />
    <SetEnableRepairing Value="true"/>
    <SetRepairNpc NpcName="Brannol Eaglemoon"/>
    <SetRepairPercent Value="35" />

	<!-- Restock Teldrassil 5-12 -->
	<SetEnableRestockItems Value="true"/>
	<!-- Food -->
	<If Condition="Data.PlayerClass() == WoWClass.Rogue or Data.PlayerClass() == WoWClass.Warrior or Data.PlayerClass() == WoWClass.Hunter or Data.PlayerClass() == WoWClass.Warlock">
		<AddRestockItem ItemName="Tough Hunk of Bread" NpcName="Innkeeper Keldamyr" UnderAmount="5" BuyAmount="40"/>
		<AddDoNotSellItem ItemName="Tough Hunk of Bread" />
	</If>
	<!-- Water -->
	<If Condition="Data.PlayerClass() == WoWClass.Druid or Data.PlayerClass() == WoWClass.Hunter or Data.PlayerClass() == WoWClass.Warlock or Data.PlayerClass() == WoWClass.Paladin">
		<AddRestockItem ItemName="Refreshing Spring Water" NpcName="Innkeeper Keldamyr" UnderAmount="5" BuyAmount="40"/>
		<AddDoNotSellItem ItemName="Refreshing Spring Water" />
	</If>
	<If Condition="Data.PlayerClass() == WoWClass.Priest">
		<AddRestockItem ItemName="Refreshing Spring Water" NpcName="Innkeeper Keldamyr" UnderAmount="3" BuyAmount="20"/>
		<AddDoNotSellItem ItemName="Refreshing Spring Water" />
	</If>
	<!-- Bullets/Arrows -->
	<If Condition="IsEquippedItemType('Gun') == true and Data.PlayerClass() == WoWClass.Hunter">
		<AddRestockItem ItemName="Light Shot" NpcName="Aldia " UnderAmount="400" BuyAmount="1200"/>
	</If>
	<If Condition="IsEquippedItemType('Bow') == true and Data.PlayerClass() == WoWClass.Hunter">
		<AddRestockItem ItemName="Rough Arrow" NpcName="Jeena Featherbow" UnderAmount="400" BuyAmount="1200"/>
	</If>
	<If Condition="IsEquippedItemType('Crossbow') == true and Data.PlayerClass() == WoWClass.Hunter">
		<AddRestockItem ItemName="Rough Arrow" NpcName="Jeena Featherbow" UnderAmount="400" BuyAmount="1200"/>
	</If>
	<!-- End Restock -->

	
	<!-- Objective Completion -->
	<If Condition="Data.HasActiveQuest('A Troubling Breeze') == true">
		<ReturnQuest NpcName="Gaerolas Talvethren" QuestId="475" QuestName="A Troubling Breeze" />
	</If>
	<If Condition="Data.HasActiveQuest('Gnarlpine Corruption') == false and Data.HasCompletedQuest('A Troubling Breeze') == true and Data.HasCompletedQuest('Gnarlpine Corruption') == false">
		<TakeQuest NpcName="Gaerolas Talvethren" QuestId="476" QuestName="Gnarlpine Corruption" />
	</If>
	
	
	<If Condition="Data.HasActiveQuest('The Emerald Dreamcatcher') == true and Data.AllQuestObjectivesAreComplete('The Emerald Dreamcatcher') == false" >
		<SetTargetingMode Mode="Gather Only" />
		<ClearHotspots />
		<SetEnableAutoHerb Value="true" />
		<AddHotspot X="9808.41796875" Y="353.208984375" Z="1308.4591064453" Range="20" />
		<AllowQuestNode NodeName="Tallonkai\'s Dresser" />	
		<While Condition="Data.AllQuestObjectivesAreComplete('The Emerald Dreamcatcher') == false" >
			<Wait Value="100" />
		</While>
	</If>
    <If Condition="Data.HasActiveQuest('Gnarlpine Corruption') == true">
        <ReturnQuest NpcName="Athridas Bearmantle" QuestId="476" QuestName="Gnarlpine Corruption" />
    </If>	
    <If Condition="Data.HasActiveQuest('The Relics of Wakening') == false and Data.HasCompletedQuest('The Relics of Wakening') == false and Data.HasCompletedQuest('Gnarlpine Corruption') == true">
        <TakeQuest NpcName="Athridas Bearmantle" QuestId="483" QuestName="The Relics of Wakening" />
    </If>	
	<If Condition="Data.HasActiveQuest('The Emerald Dreamcatcher') == true and Data.AllQuestObjectivesAreComplete('The Emerald Dreamcatcher') == true">
        <ReturnQuest NpcName="Tallonkai Swiftroot" QuestId="2438" QuestName="The Emerald Dreamcatcher" />
    </If>  
	<If Condition="Data.HasActiveQuest('Ferocitas the Dream Eater') == false and Data.HasCompletedQuest('Ferocitas the Dream Eater') == false">
        <TakeQuest NpcName="Tallonkai Swiftroot" QuestId="2459" QuestName="Ferocitas the Dream Eater" />
    </If>   	

</ShadowProfile>