<ShadowProfile Condition="Data.HasCompletedQuest('Rellian Greenspyre') == false">

	<!-- Pickup -->	
    <If Condition="Data.HasActiveQuest('Denalan\'s Earth') == false and Data.HasCompletedQuest('Denalan\'s Earth') == false">
        <TakeQuest NpcName="Syral Bladeleaf" QuestId="997" QuestName="Denalan\'s Earth" />
    </If>   
     <If Condition="Data.HasActiveQuest('Denalan\'s Earth') == true">
        <ReturnQuest NpcName="Denalan" QuestId="997" QuestName="Denalan\'s Earth" />
		<Lua> BotSleep(10000) return true </Lua>
    </If> 
    <If Condition="Data.HasActiveQuest('Timberling Seeds') == false and Data.HasCompletedQuest('Timberling Seeds') == false">
        <TakeQuest NpcName="Denalan" QuestId="918" QuestName="Timberling Seeds" />
    </If>  	
    <If Condition="Data.HasActiveQuest('Timberling Sprouts') == false and Data.HasCompletedQuest('Timberling Sprouts') == false">
        <TakeQuest NpcName="Denalan" QuestId="919" QuestName="Timberling Sprouts" />
    </If> 	
	<!-- Bot settings -->
	<SetBaseSettings />
    <SetEnableVendoring Value="true"/>
    <SetVendorNpc NpcName="Brannol Eaglemoon"/>
    <SetVendorSlotsCount Value="1" />
    <SetEnableRepairing Value="true"/>
    <SetRepairNpc NpcName="Brannol Eaglemoon"/>
    <SetRepairPercent Value="35" />

	<!-- Restock Teldrassil 5-12 -->
	<SetEnableRestockItems Value="true"/>
	<!-- Food -->
	<If Condition="Data.PlayerClass() == WoWClass.Rogue or Data.PlayerClass() == WoWClass.Warrior or Data.PlayerClass() == WoWClass.Hunter or Data.PlayerClass() == WoWClass.Warlock">
		<AddRestockItem ItemName="Tough Hunk of Bread" NpcName="Innkeeper Keldamyr" UnderAmount="5" BuyAmount="40"/>
		<AddDoNotSellItem ItemName="Tough Hunk of Bread" />
	</If>
	<!-- Water -->
	<If Condition="Data.PlayerClass() == WoWClass.Druid or Data.PlayerClass() == WoWClass.Hunter or Data.PlayerClass() == WoWClass.Warlock or Data.PlayerClass() == WoWClass.Paladin">
		<AddRestockItem ItemName="Refreshing Spring Water" NpcName="Innkeeper Keldamyr" UnderAmount="5" BuyAmount="40"/>
		<AddDoNotSellItem ItemName="Refreshing Spring Water" />
	</If>
	<If Condition="Data.PlayerClass() == WoWClass.Priest">
		<AddRestockItem ItemName="Refreshing Spring Water" NpcName="Innkeeper Keldamyr" UnderAmount="3" BuyAmount="20"/>
		<AddDoNotSellItem ItemName="Refreshing Spring Water" />
	</If>
	<!-- Bullets/Arrows -->
	<If Condition="IsEquippedItemType('Gun') == true and Data.PlayerClass() == WoWClass.Hunter">
		<AddRestockItem ItemName="Light Shot" NpcName="Aldia " UnderAmount="400" BuyAmount="1200"/>
	</If>
	<If Condition="IsEquippedItemType('Bow') == true and Data.PlayerClass() == WoWClass.Hunter">
		<AddRestockItem ItemName="Rough Arrow" NpcName="Jeena Featherbow" UnderAmount="400" BuyAmount="1200"/>
	</If>
	<If Condition="IsEquippedItemType('Crossbow') == true and Data.PlayerClass() == WoWClass.Hunter">
		<AddRestockItem ItemName="Rough Arrow" NpcName="Jeena Featherbow" UnderAmount="400" BuyAmount="1200"/>
	</If>
	<!-- End Restock -->

	
	<!-- Objective Completion -->
	
	
	<If Condition="Data.HasActiveQuest('Timberling Sprouts') == true and Data.AllQuestObjectivesAreComplete('Timberling Sprouts') == false" >
		<SetTargetingMode Mode="Gather Only" />
		<ClearHotspots />
		<SetEnableAutoHerb Value="true" />
		<AllowQuestNode NodeName="Timberling Sprout" />
		<SetHotspotTraverseMode Mode="Circular"/>
		<AddHotspot X="9600.78125" Y="712.64337158203" Z="1266.0070800781" Range="50" />
		<AddHotspot X="9631.419921875" Y="754.06011962891" Z="1266.6166992188" Range="50" />
		<AddHotspot X="9626.498046875" Y="858.56060791016" Z="1263.5736083984" Range="50" />
		<AddHotspot X="9595.634765625" Y="900.19586181641" Z="1259.8154296875" Range="50" />
		<AddHotspot X="9576.7470703125" Y="952.48522949219" Z="1268.0446777344" Range="50" />
		<AddHotspot X="9551.8974609375" Y="997.06732177734" Z="1264.57421875" Range="50" />
		<AddHotspot X="9466.671875" Y="892.80413818359" Z="1254.0611572266" Range="50" />
		<AddHotspot X="9435.68359375" Y="874.46612548828" Z="1255.9555664063" Range="50" />
		<AddHotspot X="9390.7255859375" Y="844.59387207031" Z="1258.1127929688" Range="50" />
		<AddHotspot X="9377.5869140625" Y="796.9228515625" Z="1261.0203857422" Range="50" />
		<AddHotspot X="9407.8369140625" Y="767.26788330078" Z="1258.6923828125" Range="50" />
		<AddHotspot X="9453.728515625" Y="720.51184082031" Z="1260.9108886719" Range="50" />
		<AddHotspot X="9494.3994140625" Y="663.591796875" Z="1266.9758300781" Range="50" />		
		<While Condition="Data.AllQuestObjectivesAreComplete('Timberling Sprouts') == false" >
			<Wait Value="100" />
		</While>
	</If>
	<If Condition="Data.HasActiveQuest('Timberling Seeds') == true and Data.AllQuestObjectivesAreComplete('Timberling Seeds') == false" >
		<SetTargetingMode Mode="Around Points" />
		<ClearMonsterFilter/>
		<SetMonsterFilterMode Mode="Whitelist" />
		<AddMonsterFilterName Value="Timberling" />
		<ClearHotspots />
		<SetEnableAutoHerb Value="false" />
		<SetHotspotTraverseMode Mode="Circular"/>
		<AddBlackspot X="9294.3896484375" Y="1104.6383056641" Z="1254.5930175781" Range="20" />
		<AddHotspot X="9600.78125" Y="712.64337158203" Z="1266.0070800781" Range="50" />
		<AddHotspot X="9631.419921875" Y="754.06011962891" Z="1266.6166992188" Range="50" />
		<AddHotspot X="9626.498046875" Y="858.56060791016" Z="1263.5736083984" Range="50" />
		<AddHotspot X="9595.634765625" Y="900.19586181641" Z="1259.8154296875" Range="50" />
		<AddHotspot X="9576.7470703125" Y="952.48522949219" Z="1268.0446777344" Range="50" />
		<AddHotspot X="9551.8974609375" Y="997.06732177734" Z="1264.57421875" Range="50" />
		<AddHotspot X="9466.671875" Y="892.80413818359" Z="1254.0611572266" Range="50" />
		<AddHotspot X="9435.68359375" Y="874.46612548828" Z="1255.9555664063" Range="50" />
		<AddHotspot X="9390.7255859375" Y="844.59387207031" Z="1258.1127929688" Range="50" />
		<AddHotspot X="9377.5869140625" Y="796.9228515625" Z="1261.0203857422" Range="50" />
		<AddHotspot X="9407.8369140625" Y="767.26788330078" Z="1258.6923828125" Range="50" />
		<AddHotspot X="9453.728515625" Y="720.51184082031" Z="1260.9108886719" Range="50" />
		<AddHotspot X="9494.3994140625" Y="663.591796875" Z="1266.9758300781" Range="50" />
		<While Condition="Data.AllQuestObjectivesAreComplete('Timberling Seeds') == false" >
			<Wait Value="100" />
		</While>
	</If>	
    <If Condition="Data.HasActiveQuest('Timberling Sprouts') == true and Data.AllQuestObjectivesAreComplete('Timberling Sprouts') == true">
        <ReturnQuest NpcName="Denalan" QuestId="919" QuestName="Timberling Sprouts" />
    </If>
    <If Condition="Data.HasActiveQuest('Timberling Seeds') == true and Data.AllQuestObjectivesAreComplete('Timberling Seeds') == true">
        <ReturnQuest NpcName="Denalan" QuestId="918" QuestName="Timberling Seeds" />
	</If>
	<If Condition="Data.HasActiveQuest('Rellian Greenspyre') == false and Data.HasCompletedQuest('Rellian Greenspyre') == false and Data.HasCompletedQuest('Timberling Seeds') == true">
        <TakeQuest NpcName="Denalan" QuestId="922" QuestName="Rellian Greenspyre" />
    </If> 
</ShadowProfile>