<ShadowProfile Condition="Data.HasCompletedQuest('Ferocitas the Dream Eater') == false">

    <SetBaseSettings />
	<!-- Pickup -->
    <If Condition="Data.HasActiveQuest('Ferocitas the Dream Eater') == false and Data.HasCompletedQuest('Ferocitas the Dream Eater') == false" and Data.HasCompletedQuest('The Emerald Dreamcatcher') == true">
        <TakeQuest NpcName="Tallonkai Swiftroot" QuestId="2459" QuestName="Ferocitas the Dream Eater" />
    </If>	

	<!-- Bot settings -->
	<SetBaseSettings />
    <SetEnableVendoring Value="true"/>
    <SetVendorNpc NpcName="Brannol Eaglemoon"/>
    <SetVendorSlotsCount Value="1" />
    <SetEnableRepairing Value="true"/>
    <SetRepairNpc NpcName="Brannol Eaglemoon"/>
    <SetRepairPercent Value="35" />

	<!-- Restock Teldrassil 5-12 -->
	<SetEnableRestockItems Value="true"/>
	<!-- Food -->
	<If Condition="Data.PlayerClass() == WoWClass.Rogue or Data.PlayerClass() == WoWClass.Warrior or Data.PlayerClass() == WoWClass.Hunter or Data.PlayerClass() == WoWClass.Warlock">
		<AddRestockItem ItemName="Tough Hunk of Bread" NpcName="Innkeeper Keldamyr" UnderAmount="5" BuyAmount="40"/>
		<AddDoNotSellItem ItemName="Tough Hunk of Bread" />
	</If>
	<!-- Water -->
	<If Condition="Data.PlayerClass() == WoWClass.Druid or Data.PlayerClass() == WoWClass.Hunter or Data.PlayerClass() == WoWClass.Warlock or Data.PlayerClass() == WoWClass.Paladin">
		<AddRestockItem ItemName="Refreshing Spring Water" NpcName="Innkeeper Keldamyr" UnderAmount="5" BuyAmount="40"/>
		<AddDoNotSellItem ItemName="Refreshing Spring Water" />
	</If>
	<If Condition="Data.PlayerClass() == WoWClass.Priest">
		<AddRestockItem ItemName="Refreshing Spring Water" NpcName="Innkeeper Keldamyr" UnderAmount="3" BuyAmount="20"/>
		<AddDoNotSellItem ItemName="Refreshing Spring Water" />
	</If>
	<!-- Bullets/Arrows -->
	<If Condition="IsEquippedItemType('Gun') == true and Data.PlayerClass() == WoWClass.Hunter">
		<AddRestockItem ItemName="Light Shot" NpcName="Aldia " UnderAmount="400" BuyAmount="1200"/>
	</If>
	<If Condition="IsEquippedItemType('Bow') == true and Data.PlayerClass() == WoWClass.Hunter">
		<AddRestockItem ItemName="Rough Arrow" NpcName="Jeena Featherbow" UnderAmount="400" BuyAmount="1200"/>
	</If>
	<If Condition="IsEquippedItemType('Crossbow') == true and Data.PlayerClass() == WoWClass.Hunter">
		<AddRestockItem ItemName="Rough Arrow" NpcName="Jeena Featherbow" UnderAmount="400" BuyAmount="1200"/>
	</If>
	<!-- End Restock -->


	<!-- Objective Completion -->
    <If Condition="Data.HasActiveQuest('Ferocitas the Dream Eater') == true">
		<ClearHotspots />
		<!-- Settings -->
		<SetTargetingMode Mode="Around Points" />
		<!-- Blackspots -->
		<AddBlackspot X="10058.048828125" Y="323.04086303711" Z="1324.8781738281" Range="15" />
		<!-- Hotspots -->
		<AddHotspot X="10020.362304688" Y="288.21548461914" Z="1322.9482421875" Range="30" />
		<AddHotspot X="10045.489257813" Y="234.84506225586" Z="1326.9310302734" Range="35" />
		<AddHotspot X="9960.3388671875" Y="265.09750366211" Z="1326.0974121094" Range="20" />
		<!-- Mob Whitelist -->
		<ClearMonsterFilter/>
		<SetMonsterFilterMode Mode="Whitelist" />
		<AddMonsterFilterName Value="Gnarlpine Mystic" />
		<AddMonsterFilterName Value="Ferocitas the Dream Eater" />
		<!-- Completion condition -->
		<While Condition="Data.AllQuestObjectivesAreComplete('Ferocitas the Dream Eater') == false" >
			<If Condition="Data.ItemExistsByName('Gnarlpine Necklace')">
				<UseItem ItemName="Gnarlpine Necklace" />
			</If>
			<Wait Value="100" />
		</While>
    </If>


	<!-- TurnIn -->
    <If Condition="Data.HasActiveQuest('Ferocitas the Dream Eater') == true and Data.AllQuestObjectivesAreComplete('Ferocitas the Dream Eater') == true">
        <ReturnQuest NpcName="Tallonkai Swiftroot" QuestId="2459" QuestName="Ferocitas the Dream Eater" />
    </If>		

</ShadowProfile>