<ShadowProfile Condition="Data.HasCompletedQuest('The Temple of the Moon') == false">

	<!-- Bot settings -->
	<SetBaseSettings />
    <SetEnableVendoring Value="true"/>
    <SetVendorNpc NpcName="Brannol Eaglemoon"/>
    <SetVendorSlotsCount Value="0" />
    <SetEnableRepairing Value="true"/>
    <SetRepairNpc NpcName="Brannol Eaglemoon"/>
    <SetRepairPercent Value="30" />

	<!-- Restock Teldrassil 5-12 -->
	<SetEnableRestockItems Value="true"/>
	<!-- Food -->
	<If Condition="Data.PlayerClass() == WoWClass.Rogue or Data.PlayerClass() == WoWClass.Warrior or Data.PlayerClass() == WoWClass.Hunter or Data.PlayerClass() == WoWClass.Warlock">
		<AddRestockItem ItemName="Tough Hunk of Bread" NpcName="Innkeeper Keldamyr" UnderAmount="5" BuyAmount="40"/>
		<AddDoNotSellItem ItemName="Tough Hunk of Bread" />
	</If>
	<!-- Water -->
	<If Condition="Data.PlayerClass() == WoWClass.Druid or Data.PlayerClass() == WoWClass.Hunter or Data.PlayerClass() == WoWClass.Warlock or Data.PlayerClass() == WoWClass.Paladin">
		<AddRestockItem ItemName="Refreshing Spring Water" NpcName="Innkeeper Keldamyr" UnderAmount="5" BuyAmount="40"/>
		<AddDoNotSellItem ItemName="Refreshing Spring Water" />
	</If>
	<If Condition="Data.PlayerClass() == WoWClass.Priest">
		<AddRestockItem ItemName="Refreshing Spring Water" NpcName="Innkeeper Keldamyr" UnderAmount="3" BuyAmount="20"/>
		<AddDoNotSellItem ItemName="Refreshing Spring Water" />
	</If>
	<!-- Bullets/Arrows -->
	<If Condition="IsEquippedItemType('Gun') == true and Data.PlayerClass() == WoWClass.Hunter">
		<AddRestockItem ItemName="Light Shot" NpcName="Aldia " UnderAmount="400" BuyAmount="1200"/>
	</If>
	<If Condition="IsEquippedItemType('Bow') == true and Data.PlayerClass() == WoWClass.Hunter">
		<AddRestockItem ItemName="Rough Arrow" NpcName="Jeena Featherbow" UnderAmount="400" BuyAmount="1200"/>
	</If>
	<If Condition="IsEquippedItemType('Crossbow') == true and Data.PlayerClass() == WoWClass.Hunter">
		<AddRestockItem ItemName="Rough Arrow" NpcName="Jeena Featherbow" UnderAmount="400" BuyAmount="1200"/>
	</If>
	<!-- End Restock -->


	<!-- PickUp/TurnIn -->
	<If Condition="Data.HasActiveQuest('Rellian Greenspyre') == true">
        <ReturnQuest NpcName="Rellian Greenspyre" QuestId="922" QuestName="Rellian Greenspyre" />
    </If>	
    <If Condition="Data.HasActiveQuest('Tumors') == false and Data.HasCompletedQuest('Tumors') == false and Data.HasCompletedQuest('Rellian Greenspyre') == true">
        <TakeQuest NpcName="Rellian Greenspyre" QuestId="923" QuestName="Tumors" />
    </If>	
    <If Condition="Data.HasActiveQuest('The Temple of the Moon') == false and Data.HasCompletedQuest('The Temple of the Moon') == false">
        <TakeQuest NpcName="Sister Aquinne" QuestId="2519" QuestName="The Temple of the Moon" />
    </If>	
	<If Condition="Data.HasActiveQuest('The Temple of the Moon') == true">
        <ReturnQuest NpcName="Priestess A\'moora" QuestId="2519" QuestName="The Temple of the Moon" />
    </If>	
    <If Condition="Data.HasActiveQuest('Tears of the Moon') == false and Data.HasCompletedQuest('Tears of the Moon') == false and Data.HasCompletedQuest('The Temple of the Moon') == true">
        <TakeQuest NpcName="Priestess A\'moora" QuestId="2518" QuestName="Tears of the Moon" />
    </If>		

	
</ShadowProfile>