<ShadowProfile Condition="Data.HasCompletedQuest('Red Linen Goods') == false">
	<!-- Settings -->
	<SetBaseSettings />
    <SetEnableVendoring Value="true"/>
    <SetVendorNpc NpcName="Rallic Finn"/>
    <SetVendorSlotsCount Value="1" />
    <SetEnableRepairing Value="true"/>
    <SetRepairNpc NpcName="Rallic Finn"/>
    <SetRepairPercent Value="35" />

	<!-- Restock Elwynn Forest 5-12 Logging Camp -->
	<SetEnableRestockItems Value="true"/>
	<ClearRestockItems/>
	<!-- Food -->
	<If Condition="Data.PlayerClass() == WoWClass.Rogue or Data.PlayerClass() == WoWClass.Warrior or Data.PlayerClass() == WoWClass.Hunter or Data.PlayerClass() == WoWClass.Warlock">
		<AddRestockItem ItemName="Darnassian Bleu" NpcName="Innkeeper Farley" UnderAmount="5" BuyAmount="40"/>
		<AddDoNotSellItem ItemName="Darnassian Bleu" />
	</If>
	<!-- Water -->
	<If Condition="Data.PlayerClass() == WoWClass.Druid or Data.PlayerClass() == WoWClass.Hunter or Data.PlayerClass() == WoWClass.Warlock or Data.PlayerClass() == WoWClass.Paladin">
		<AddRestockItem ItemName="Refreshing Spring Water" NpcName="Innkeeper Farley" UnderAmount="5" BuyAmount="40"/>
		<AddDoNotSellItem ItemName="Refreshing Spring Water" />
	</If>
	<If Condition="Data.PlayerClass() == WoWClass.Priest">
		<AddRestockItem ItemName="Refreshing Spring Water" NpcName="Innkeeper Farley" UnderAmount="3" BuyAmount="20"/>
		<AddDoNotSellItem ItemName="Refreshing Spring Water" />
	</If>
	<!-- Bullets/Arrows -->
	<If Condition="IsEquippedItemType('Gun') == true and Data.PlayerClass() == WoWClass.Hunter">
		<AddRestockItem ItemName="Light Shot" NpcName="Drake Lindgren" UnderAmount="100" BuyAmount="1200"/>
	</If>
	<If Condition="IsEquippedItemType('Bow') == true and Data.PlayerClass() == WoWClass.Hunter">
		<AddRestockItem ItemName="Rough Arrow" NpcName="Drake Lindgren" UnderAmount="100" BuyAmount="1200"/>
	</If>
	<If Condition="IsEquippedItemType('Crossbow') == true and Data.PlayerClass() == WoWClass.Hunter">
		<AddRestockItem ItemName="Rough Arrow" NpcName="Drake Lindgren" UnderAmount="100" BuyAmount="1200"/>
	</If>
	<!-- End Restock -->
	
	
	<!-- Pickup -->
	<If Condition="Data.HasActiveQuest('Red Linen Goods') == false and Data.HasCompletedQuest('Red Linen Goods') == false">
		<TakeQuest NpcName="Sara Timberlain" QuestId="83" QuestName="Red Linen Goods" />
	</If>	

	<!-- Quset Completion -->
	<If Condition="Data.HasActiveQuest('Red Linen Goods') == true and Data.HasCompletedQuest('Red Linen Goods') == false">
		<ClearHotspots />
		<SetTargetingMode Mode="Around Points" />		
		<!-- Blackspots -->
		<AddBlackspot X="-9862.103515625" Y="-222.87680053711" Z="36.110015869141" Range="10" />
		<!-- Hotspots -->
		<AddHotspot X="-9739.5703125" Y="-902.83624267578" Z="39.331588745117" Range="20" />
		<AddHotspot X="-9726.728515625" Y="-840.26715087891" Z="40.630290985107" Range="20" />
		<AddHotspot X="-9740.6240234375" Y="-822.34606933594" Z="40.545124053955" Range="20" />
		<AddHotspot X="-9805.1484375" Y="-821.32476806641" Z="41.22021484375" Range="20" />
		<AddHotspot X="-9834.376953125" Y="-850.04144287109" Z="41.057342529297" Range="20" />
		<AddHotspot X="-9864.5302734375" Y="-104.68598175049" Z="26.956129074097" Range="20" />
		<AddHotspot X="-9864.7041015625" Y="-154.75666809082" Z="31.895782470703" Range="20" />
		<AddHotspot X="-9871.130859375" Y="-175.3053894043" Z="34.41242980957" Range="20" />
		<AddHotspot X="-9844.0166015625" Y="-787.056640625" Z="35.729080200195" Range="20" />
		<AddHotspot X="-9834.2099609375" Y="-556.0517578125" Z="24.866771697998" Range="20" />
		<AddHotspot X="-9873.3046875" Y="-451.16744995117" Z="31.003646850586" Range="20" />
		<AddHotspot X="-9872.28125" Y="-367.091796875" Z="33.033729553223" Range="20" />
		<AddHotspot X="-9853.6630859375" Y="-308.75634765625" Z="38.458106994629" Range="20" />		
		<AddHotspot X="-9864.5302734375" Y="-104.68598175049" Z="26.956129074097" Range="20" />
		<AddHotspot X="-9864.7041015625" Y="-154.75666809082" Z="31.895782470703" Range="20" />
		<AddHotspot X="-9871.130859375" Y="-175.3053894043" Z="34.41242980957" Range="20" />
		<!-- Monster Filter -->
		<ClearMonsterFilter/>
		<SetMonsterFilterMode Mode="Whitelist" />
		<AddMonsterFilterName Value="Defias Bandit" />
		<AddMonsterFilterName Value="Rockhide Boar" />		
		<While Condition="Data.AllQuestObjectivesAreComplete('Red Linen Goods') == false" >
				<Wait Value="100" />
		</While>			
	</If>
	

	
	<!-- ReturnQuest -->
    <If Condition="Data.HasActiveQuest('Red Linen Goods') == true and Data.AllQuestObjectivesAreComplete('Red Linen Goods') == true">	
		<ReturnQuest NpcName="Sara Timberlain" QuestId="83" QuestName="Red Linen Goods" />
	</If>	
</ShadowProfile>